ts,commit,bin,metric,value,unit,n,valid,at_max_pct,temp_mc,note
1788674659,5ec3152,e14dd55e,battery_flakes,0,count,1,1,,,FAILs that passed standalone (timing-flag gates under load)
1788674659,5ec3152,e14dd55e,gate_run_ms,0,ms,1,1,,,"sum of non-memo gate runs (0 runs, 100 memo hits)"
1788674663,5ec3152,e14dd55e,chain_wall,18,s,1,1,,,"chain + battery, CG=0"
1788674663,5ec3152,e14dd55e,chain_cpu,27.631,s,1,1,,,children utime+stime of chain.sh
1788674664,5ec3152,e14dd55e,bin_words,74804,words,1,1,,,bytes 301052
1788674664,5ec3152,e14dd55e,stub_words,131,words,1,1,,,
1788674664,5ec3152,e14dd55e,bin_fns,199,fns,1,1,,,
1788674664,5ec3152,e14dd55e,cw:c01_lit,42,words,1,1,,,first
1788674664,5ec3152,e14dd55e,cw:c02_arith,35,words,1,1,,,first
1788674664,5ec3152,e14dd55e,cw:c03_precedence,24,words,1,1,,,first
1788674664,5ec3152,e14dd55e,cw:c04_cmp,92,words,1,1,,,first
1788674664,5ec3152,e14dd55e,cw:c05_if,37,words,1,1,,,first
1788674664,5ec3152,e14dd55e,cw:c06_let,30,words,1,1,,,first
1788674664,5ec3152,e14dd55e,cw:c07_while,34,words,1,1,,,first
1788674664,5ec3152,e14dd55e,cw:c08_call,59,words,1,1,,,first
1788674664,5ec3152,e14dd55e,cw:c09_recursion,63,words,1,1,,,first
1788674664,5ec3152,e14dd55e,cw:c10_struct,92,words,1,1,,,first
1788674664,5ec3152,e14dd55e,cw:c11_enum,19,words,1,1,,,first
1788674664,5ec3152,e14dd55e,cw:c12_match,26,words,1,1,,,first
1788674664,5ec3152,e14dd55e,cw:c13_array,78,words,1,1,,,first
1788674664,5ec3152,e14dd55e,cw:c14_string,27,words,1,1,,,first
1788674664,5ec3152,e14dd55e,cw:c15_bitwise,42,words,1,1,,,first
1788674664,5ec3152,e14dd55e,cw:c16_compound,40,words,1,1,,,first
1788674664,5ec3152,e14dd55e,cw:c17_neg,45,words,1,1,,,first
1788674664,5ec3152,e14dd55e,cw:c18_bigconst,22,words,1,1,,,first
1788674664,5ec3152,e14dd55e,cw:c19_multi,105,words,1,1,,,first
1788674664,5ec3152,e14dd55e,cw:c20_deep,122,words,1,1,,,first
1788674664,5ec3152,e14dd55e,cw:c21_param13,139,words,1,1,,,first
1788674664,5ec3152,e14dd55e,cw:c22_matchbind,25,words,1,1,,,first
1788674664,5ec3152,e14dd55e,cw:c23_spillcall,246,words,1,1,,,first
1788674664,5ec3152,e14dd55e,cw:c24_ifspill,169,words,1,1,,,first
1788674664,5ec3152,e14dd55e,cw:c25_matchtail,70,words,1,1,,,first
1788674664,5ec3152,e14dd55e,cw:c26_selfrec,239,words,1,1,,,first
1788674664,5ec3152,e14dd55e,cw:c27_zeroarg,42,words,1,1,,,first
1788674664,5ec3152,e14dd55e,cw:c30_unary,69,words,1,1,,,first
1788674664,5ec3152,e14dd55e,cw:c31_nested_lit,167,words,1,1,,,first
1788674664,5ec3152,e14dd55e,cw:c32_asr,75,words,1,1,,,first
1788674664,5ec3152,e14dd55e,cw:c33_loopalloc,127,words,1,1,,,first
1788674664,5ec3152,e14dd55e,cw:c34_loopescape,113,words,1,1,,,first
1788674664,5ec3152,e14dd55e,cw:c35_return,95,words,1,1,,,first
1788674664,5ec3152,e14dd55e,cw:c36_break,141,words,1,1,,,first
1788674664,5ec3152,e14dd55e,cw:c40_struct,206,words,1,1,,,first
1788674664,5ec3152,e14dd55e,cw:c41_clz,73,words,1,1,,,first
1788674664,5ec3152,e14dd55e,cw:c42_crc32,196,words,1,1,,,first
1788674665,5ec3152,e14dd55e,cw:c43_arena_persist,285,words,1,1,,,first
1788674665,5ec3152,e14dd55e,cw:c44_use24,586,words,1,1,,,first
1788674665,5ec3152,e14dd55e,cw:c45_crc32x,214,words,1,1,,,first
1788674665,5ec3152,e14dd55e,cw:c46_andor,173,words,1,1,,,first
1788674665,5ec3152,e14dd55e,cw:c47_usenest,91,words,1,1,,,first
1788674665,5ec3152,e14dd55e,cw:c50_cas,57,words,1,1,,,first
1788674665,5ec3152,e14dd55e,cw:c53_param9,112,words,1,1,,,first
1788674665,5ec3152,e14dd55e,fuzz_seeds_on_bin,1000,seeds,2,1,,,TG-DONE 8: 1000 on e14dd55e; total 38100 over 7 bins
1788674665,5ec3152,e14dd55e,fuzz_rate,1.6,prog/s,2,1,,,"median over the bin's batches (LITTLE cores, nice)"
1788674665,5ec3152,e14dd55e,fuzz_trap_unpredicted,7,count,1,1,,,TRAP-82 becomes ALERT per D12-C; 81 stays by design
1788674674,5ec3152,e14dd55e,selfcompile_wall,1569.3481,ms,5,0,0.0,60200,
1788674674,5ec3152,e14dd55e,selfcompile_utime,1.5288,s,5,0,0.0,60200,
1788674674,5ec3152,e14dd55e,selfcompile_stime,0.02,s,5,0,0.0,60200,
1788674674,5ec3152,e14dd55e,selfcompile_maxrss,23000,kB,5,0,0.0,60200,
1788674674,5ec3152,e14dd55e,selfcompile_energy,1.6332,core-s@fmax (proxy),5,0,0.0,60200,
1788674685,5ec3152,e14dd55e,k1h_ms,1.64,ms/rep,11,0,0.0,60500,p95 1.760 
1788674685,5ec3152,e14dd55e,k1h_loopwords,11,words,1,1,,,
1788674685,5ec3152,e14dd55e,k2h_ms,1.18,ms/rep,11,0,0.0,60500,p95 1.250 
1788674685,5ec3152,e14dd55e,k2h_loopwords,65,words,1,1,,,
1788674685,5ec3152,e14dd55e,k3h_ms,0.54,ms/rep,11,0,0.0,60500,p95 0.580 
1788674685,5ec3152,e14dd55e,k3h_loopwords,25,words,1,1,,,
1788674685,5ec3152,e14dd55e,k4_ms,4.04,ms/rep,11,0,0.0,60500,p95 4.330 
1788674685,5ec3152,e14dd55e,k4_loopwords,15,words,1,1,,,
1788674723,5ec3152,e14dd55e,proc_floor_ms,23,ms,1,1,,,"median of 5, seed running a trivial .bin under proot"
1788674723,5ec3152,e14dd55e,becache_warm_ms,36,ms,1,1,,,"per gate, 101 gates"
1788674724,5ec3152,e14dd55e,becache_cold_ms,48,ms,1,1,,,"per gate, 101 gates"
1788674927,f86bee7,e14dd55e,battery_flakes,0,count,1,1,,,FAILs that passed standalone (timing-flag gates under load)
1788674928,f86bee7,e14dd55e,gate_run_ms,0,ms,1,1,,,"sum of non-memo gate runs (0 runs, 100 memo hits)"
1788675668,f86bee7,e14dd55e,battery_flakes,0,count,1,1,,,FAILs that passed standalone (timing-flag gates under load)
1788675668,f86bee7,e14dd55e,gate_run_ms,0,ms,1,1,,,"sum of non-memo gate runs (0 runs, 100 memo hits)"
1788675671,f86bee7,e14dd55e,chain_wall,16,s,1,1,,,"chain + battery, CG=0"
1788675671,f86bee7,e14dd55e,chain_cpu,26.404,s,1,1,,,children utime+stime of chain.sh
1788675671,f86bee7,e14dd55e,bin_words,74804,words,1,1,,,bytes 301052
1788675671,f86bee7,e14dd55e,stub_words,131,words,1,1,,,
1788675671,f86bee7,e14dd55e,bin_fns,199,fns,1,1,,,
1788675671,f86bee7,e14dd55e,fuzz_seeds_on_bin,3000,seeds,6,1,,,TG-DONE 8: 3000 on e14dd55e; total 40100 over 7 bins
1788675672,f86bee7,e14dd55e,fuzz_rate,1.58,prog/s,6,1,,,"median over the bin's batches (LITTLE cores, nice)"
1788675672,f86bee7,e14dd55e,fuzz_trap_unpredicted,15,count,1,1,,,TRAP-82 becomes ALERT per D12-C; 81 stays by design
1788675681,f86bee7,e14dd55e,selfcompile_wall,1567.2646,ms,5,0,31.3,59800,
1788675681,f86bee7,e14dd55e,selfcompile_utime,1.5224,s,5,0,31.3,59800,
1788675681,f86bee7,e14dd55e,selfcompile_stime,0.0278,s,5,0,31.3,59800,
1788675681,f86bee7,e14dd55e,selfcompile_maxrss,22988,kB,5,0,31.3,59800,
1788675681,f86bee7,e14dd55e,selfcompile_energy,1.626,core-s@fmax (proxy),5,0,31.3,59800,
1788675690,f86bee7,e14dd55e,k1h_ms,1.59,ms/rep,11,1,88.2,56800,p95 1.630 
1788675690,f86bee7,e14dd55e,k1h_loopwords,11,words,1,1,,,
1788675690,f86bee7,e14dd55e,k2h_ms,1.09,ms/rep,11,1,88.2,56800,p95 1.180 
1788675690,f86bee7,e14dd55e,k2h_loopwords,65,words,1,1,,,
1788675690,f86bee7,e14dd55e,k3h_ms,0.52,ms/rep,11,1,88.2,56800,p95 0.620 
1788675690,f86bee7,e14dd55e,k3h_loopwords,25,words,1,1,,,
1788675691,f86bee7,e14dd55e,k4_ms,3.75,ms/rep,11,1,88.2,56800,p95 3.800 
1788675691,f86bee7,e14dd55e,k4_loopwords,15,words,1,1,,,
1788676185,01185e7,e14dd55e,battery_flakes,0,count,1,1,,,FAILs that passed standalone (timing-flag gates under load)
1788676185,01185e7,e14dd55e,gate_run_ms,0,ms,1,1,,,"sum of non-memo gate runs (0 runs, 100 memo hits)"
1788676186,01185e7,e14dd55e,chain_wall,27,s,1,1,,,"chain + battery, CG=0"
1788676186,01185e7,e14dd55e,chain_cpu,33.322,s,1,1,,,children utime+stime of chain.sh
1788676186,01185e7,e14dd55e,bin_words,74804,words,1,1,,,bytes 301052
1788676186,01185e7,e14dd55e,stub_words,131,words,1,1,,,
1788676186,01185e7,e14dd55e,bin_fns,199,fns,1,1,,,
1788676186,01185e7,e14dd55e,fuzz_seeds_on_bin,3500,seeds,7,1,,,TG-DONE 8: 3500 on e14dd55e; total 40600 over 7 bins
1788676186,01185e7,e14dd55e,fuzz_rate,1.53,prog/s,7,1,,,"median over the bin's batches (LITTLE cores, nice)"
1788676186,01185e7,e14dd55e,fuzz_trap_unpredicted,19,count,1,1,,,"TRAP-80/81/82 total; 81 by design, 82 is fuzz_trap82 (ALERT)"
1788676186,01185e7,e14dd55e,fuzz_trap82,0,count,1,1,,,"D12-C: SIGSEGV/SIGBUS, 0 tolerated, repros in $REPROS"
1788676196,01185e7,e14dd55e,selfcompile_wall,1589.587,ms,5,0,0.0,59500,
1788676196,01185e7,e14dd55e,selfcompile_utime,1.5379,s,5,0,0.0,59500,
1788676196,01185e7,e14dd55e,selfcompile_stime,0.0273,s,5,0,0.0,59500,
1788676196,01185e7,e14dd55e,selfcompile_maxrss,22984,kB,5,0,0.0,59500,
1788676196,01185e7,e14dd55e,selfcompile_energy,1.6423,core-s@fmax (proxy),5,0,0.0,59500,
1788676206,01185e7,e14dd55e,k1h_ms,1.64,ms/rep,11,0,0.0,52400,p95 1.820 
1788676206,01185e7,e14dd55e,k1h_loopwords,11,words,1,1,,,
1788676207,01185e7,e14dd55e,k2h_ms,1.15,ms/rep,11,0,0.0,52400,p95 1.350 
1788676207,01185e7,e14dd55e,k2h_loopwords,65,words,1,1,,,
1788676207,01185e7,e14dd55e,k3h_ms,0.57,ms/rep,11,0,0.0,52400,p95 0.730 
1788676207,01185e7,e14dd55e,k3h_loopwords,25,words,1,1,,,
1788676207,01185e7,e14dd55e,k4_ms,4.06,ms/rep,11,0,0.0,52400,p95 4.110 
1788676207,01185e7,e14dd55e,k4_loopwords,15,words,1,1,,,
1788676237,01185e7,e14dd55e,battery_flakes,0,count,1,1,,,FAILs that passed standalone (timing-flag gates under load)
1788676238,01185e7,e14dd55e,gate_run_ms,0,ms,1,1,,,"sum of non-memo gate runs (0 runs, 100 memo hits)"
1788676239,01185e7,e14dd55e,chain_wall,24,s,1,1,,,"chain + battery, CG=0"
1788676239,01185e7,e14dd55e,chain_cpu,28.794,s,1,1,,,children utime+stime of chain.sh
1788676239,01185e7,e14dd55e,bin_words,74804,words,1,1,,,bytes 301052
1788676239,01185e7,e14dd55e,stub_words,131,words,1,1,,,
1788676239,01185e7,e14dd55e,bin_fns,199,fns,1,1,,,
1788676239,01185e7,e14dd55e,fuzz_seeds_on_bin,4000,seeds,8,1,,,TG-DONE 8: 4000 on e14dd55e; total 41100 over 7 bins
1788676239,01185e7,e14dd55e,fuzz_rate,1.58,prog/s,8,1,,,"median over the bin's batches (LITTLE cores, nice)"
1788676239,01185e7,e14dd55e,fuzz_trap_unpredicted,24,count,1,1,,,"TRAP-80/81/82 total; 81 by design, 82 is fuzz_trap82 (ALERT)"
1788676239,01185e7,e14dd55e,fuzz_trap82,0,count,1,1,,,"D12-C: SIGSEGV/SIGBUS, 0 tolerated, repros in $REPROS"
1788676249,01185e7,e14dd55e,selfcompile_wall,1479.0348,ms,5,0,61.5,55100,
1788676249,01185e7,e14dd55e,selfcompile_utime,1.432,s,5,0,61.5,55100,
1788676249,01185e7,e14dd55e,selfcompile_stime,0.0199,s,5,0,61.5,55100,
1788676249,01185e7,e14dd55e,selfcompile_maxrss,23000,kB,5,0,61.5,55100,
1788676249,01185e7,e14dd55e,selfcompile_energy,1.6907,core-s@fmax (proxy),5,0,61.5,55100,
1788676259,01185e7,e14dd55e,k1h_ms,1.54,ms/rep,11,0,71.0,53100,p95 1.720 
1788676259,01185e7,e14dd55e,k1h_loopwords,11,words,1,1,,,
1788676259,01185e7,e14dd55e,k2h_ms,1.08,ms/rep,11,0,71.0,53100,p95 1.270 
1788676259,01185e7,e14dd55e,k2h_loopwords,65,words,1,1,,,
1788676259,01185e7,e14dd55e,k3h_ms,0.53,ms/rep,11,0,71.0,53100,p95 0.690 
1788676259,01185e7,e14dd55e,k3h_loopwords,25,words,1,1,,,
1788676259,01185e7,e14dd55e,k4_ms,3.77,ms/rep,11,0,71.0,53100,p95 4.060 
1788676259,01185e7,e14dd55e,k4_loopwords,15,words,1,1,,,
1788677744,e97d301,e14dd55e,battery_flakes,0,count,1,1,,,FAILs that passed standalone (timing-flag gates under load)
1788677744,e97d301,e14dd55e,gate_run_ms,0,ms,1,1,,,"sum of non-memo gate runs (0 runs, 99 memo hits)"
1788677834,e97d301,e14dd55e,battery_flakes,0,count,1,1,,,FAILs that passed standalone (timing-flag gates under load)
1788677835,e97d301,e14dd55e,gate_run_ms,0,ms,1,1,,,"sum of non-memo gate runs (0 runs, 99 memo hits)"
1788677947,e97d301,e14dd55e,battery_flakes,0,count,1,1,,,FAILs that passed standalone (timing-flag gates under load)
1788677947,e97d301,e14dd55e,gate_run_ms,0,ms,1,1,,,"sum of non-memo gate runs (0 runs, 100 memo hits)"
1788678895,e97d301,e14dd55e,battery_flakes,0,count,1,1,,,FAILs that passed standalone (timing-flag gates under load)
1788678896,e97d301,e14dd55e,gate_run_ms,0,ms,1,1,,,"sum of non-memo gate runs (0 runs, 100 memo hits)"
1788678918,e97d301,e14dd55e,chain_wall,38,s,1,1,,,"chain + battery, CG=0"
1788678918,e97d301,e14dd55e,chain_cpu,50.139,s,1,1,,,children utime+stime of chain.sh
1788678919,e97d301,e14dd55e,bin_words,74804,words,1,1,,,bytes 301052
1788678919,e97d301,e14dd55e,stub_words,131,words,1,1,,,
1788678919,e97d301,e14dd55e,bin_fns,199,fns,1,1,,,
1788678920,e97d301,e14dd55e,fuzz_seeds_on_bin,8500,seeds,17,1,,,TG-DONE 8: 8500 on e14dd55e; total 45600 over 7 bins
1788678920,e97d301,e14dd55e,fuzz_rate,1.7,prog/s,17,1,,,"median over the bin's batches (LITTLE cores, nice)"
1788678920,e97d301,e14dd55e,fuzz_trap_unpredicted,30,count,1,1,,,"TRAP-80/81/82 total; 81 by design, 82 is fuzz_trap82 (ALERT)"
1788678920,e97d301,e14dd55e,fuzz_trap82,0,count,1,1,,,"D12-C: SIGSEGV/SIGBUS, 0 tolerated, repros in $REPROS"
1788678931,e97d301,e14dd55e,selfcompile_wall,1723.0384,ms,5,0,0.0,38900,
1788678931,e97d301,e14dd55e,selfcompile_utime,1.6479,s,5,0,0.0,38900,
1788678931,e97d301,e14dd55e,selfcompile_stime,0.0357,s,5,0,0.0,38900,
1788678931,e97d301,e14dd55e,selfcompile_maxrss,22900,kB,5,0,0.0,38900,
1788678931,e97d301,e14dd55e,selfcompile_energy,1.6525,core-s@fmax (proxy),5,0,0.0,38900,
1788678945,e97d301,e14dd55e,k1h_ms,1.9,ms/rep,11,0,0.0,38900,p95 2.050 
1788678945,e97d301,e14dd55e,k1h_loopwords,11,words,1,1,,,
1788678946,e97d301,e14dd55e,k2h_ms,1.38,ms/rep,11,0,0.0,38900,p95 1.460 
1788678946,e97d301,e14dd55e,k2h_loopwords,65,words,1,1,,,
1788678946,e97d301,e14dd55e,k3h_ms,0.73,ms/rep,11,0,0.0,38900,p95 0.800 
1788678946,e97d301,e14dd55e,k3h_loopwords,25,words,1,1,,,
1788678946,e97d301,e14dd55e,k4_ms,4.41,ms/rep,11,0,0.0,38900,p95 4.520 
1788678946,e97d301,e14dd55e,k4_loopwords,15,words,1,1,,,
1788680770,dcaccb6,0a8bfe9f,battery_flakes,0,count,1,1,,,FAILs that passed standalone (timing-flag gates under load)
1788680770,dcaccb6,0a8bfe9f,gate_run_ms,24746,ms,1,1,,,"sum of non-memo gate runs (100 runs, 0 memo hits)"
1788681658,dcaccb6,1a3b2cc2,battery_flakes,0,count,1,1,,,FAILs that passed standalone (timing-flag gates under load)
1788681659,dcaccb6,1a3b2cc2,gate_run_ms,134,ms,1,1,,,"sum of non-memo gate runs (1 runs, 99 memo hits)"
1788683894,dcaccb6,1a3b2cc2,battery_flakes,0,count,1,1,,,FAILs that passed standalone (timing-flag gates under load)
1788683895,dcaccb6,1a3b2cc2,gate_run_ms,0,ms,1,1,,,"sum of non-memo gate runs (0 runs, 100 memo hits)"
1788683987,dcaccb6,1a3b2cc2,battery_flakes,0,count,1,1,,,FAILs that passed standalone (timing-flag gates under load)
1788683987,dcaccb6,1a3b2cc2,gate_run_ms,0,ms,1,1,,,"sum of non-memo gate runs (0 runs, 100 memo hits)"
1788684003,dcaccb6,1a3b2cc2,bin_words,74222,words,1,1,,,bytes 298724
1788684003,dcaccb6,1a3b2cc2,stub_words,131,words,1,1,,,
1788684003,dcaccb6,1a3b2cc2,bin_fns,202,fns,1,1,,,
1788684003,dcaccb6,1a3b2cc2,cw:c01_lit,30,words,1,1,,,was 42
1788684003,dcaccb6,1a3b2cc2,cw:c02_arith,23,words,1,1,,,was 35
1788684003,dcaccb6,1a3b2cc2,cw:c03_precedence,12,words,1,1,,,was 24
1788684003,dcaccb6,1a3b2cc2,cw:c04_cmp,86,words,1,1,,,was 92
1788684003,dcaccb6,1a3b2cc2,cw:c05_if,25,words,1,1,,,was 37
1788684003,dcaccb6,1a3b2cc2,cw:c06_let,20,words,1,1,,,was 30
1788684004,dcaccb6,1a3b2cc2,cw:c07_while,24,words,1,1,,,was 34
1788684004,dcaccb6,1a3b2cc2,cw:c08_call,37,words,1,1,,,was 59
1788684004,dcaccb6,1a3b2cc2,cw:c09_recursion,37,words,1,1,,,was 63
1788684004,dcaccb6,1a3b2cc2,cw:c10_struct,54,words,1,1,,,was 92
1788684004,dcaccb6,1a3b2cc2,cw:c11_enum,7,words,1,1,,,was 19
1788684004,dcaccb6,1a3b2cc2,cw:c12_match,16,words,1,1,,,was 26
1788684004,dcaccb6,1a3b2cc2,cw:c13_array,72,words,1,1,,,was 78
1788684004,dcaccb6,1a3b2cc2,cw:c14_string,17,words,1,1,,,was 27
1788684004,dcaccb6,1a3b2cc2,cw:c15_bitwise,30,words,1,1,,,was 42
1788684004,dcaccb6,1a3b2cc2,cw:c16_compound,30,words,1,1,,,was 40
1788684004,dcaccb6,1a3b2cc2,cw:c17_neg,33,words,1,1,,,was 45
1788684004,dcaccb6,1a3b2cc2,cw:c18_bigconst,10,words,1,1,,,was 22
1788684004,dcaccb6,1a3b2cc2,cw:c19_multi,73,words,1,1,,,was 105
1788684004,dcaccb6,1a3b2cc2,cw:c20_deep,100,words,1,1,,,was 122
1788684005,dcaccb6,1a3b2cc2,cw:c21_param13,122,words,1,1,,,was 139
1788684005,dcaccb6,1a3b2cc2,cw:c22_matchbind,15,words,1,1,,,was 25
1788684005,dcaccb6,1a3b2cc2,cw:c23_spillcall,225,words,1,1,,,was 246
1788684005,dcaccb6,1a3b2cc2,cw:c24_ifspill,146,words,1,1,,,was 169
1788684005,dcaccb6,1a3b2cc2,cw:c25_matchtail,62,words,1,1,,,was 70
1788684005,dcaccb6,1a3b2cc2,cw:c26_selfrec,183,words,1,1,,,was 239
1788684005,dcaccb6,1a3b2cc2,cw:c27_zeroarg,32,words,1,1,,,was 42
1788684005,dcaccb6,1a3b2cc2,cw:c30_unary,61,words,1,1,,,was 69
1788684005,dcaccb6,1a3b2cc2,cw:c31_nested_lit,149,words,1,1,,,was 167
1788684005,dcaccb6,1a3b2cc2,cw:c32_asr,69,words,1,1,,,was 75
1788684005,dcaccb6,1a3b2cc2,cw:c33_loopalloc,121,words,1,1,,,was 127
1788684005,dcaccb6,1a3b2cc2,cw:c34_loopescape,107,words,1,1,,,was 113
1788684005,dcaccb6,1a3b2cc2,cw:c35_return,59,words,1,1,,,was 95
1788684005,dcaccb6,1a3b2cc2,cw:c36_break,137,words,1,1,,,was 141
1788684005,dcaccb6,1a3b2cc2,cw:c40_struct,192,words,1,1,,,was 206
1788684006,dcaccb6,1a3b2cc2,cw:c41_clz,67,words,1,1,,,was 73
1788684006,dcaccb6,1a3b2cc2,cw:c42_crc32,192,words,1,1,,,was 196
1788684006,dcaccb6,1a3b2cc2,cw:c43_arena_persist,272,words,1,1,,,was 285
1788684006,dcaccb6,1a3b2cc2,cw:c44_use24,328,words,1,1,,,was 586
1788684006,dcaccb6,1a3b2cc2,cw:c45_crc32x,208,words,1,1,,,was 214
1788684006,dcaccb6,1a3b2cc2,cw:c46_andor,169,words,1,1,,,was 173
1788684006,dcaccb6,1a3b2cc2,cw:c47_usenest,51,words,1,1,,,was 91
1788684006,dcaccb6,1a3b2cc2,cw:c50_cas,31,words,1,1,,,was 57
1788684006,dcaccb6,1a3b2cc2,cw:c53_param9,106,words,1,1,,,was 112
1788684006,dcaccb6,1a3b2cc2,fuzz_seeds_on_bin,0,seeds,1,1,,,TG-DONE 8: 0 on 1a3b2cc2; total 45600 over 7 bins
1788684006,dcaccb6,1a3b2cc2,fuzz_rate,0.0,prog/s,1,1,,,"median over the bin's batches (LITTLE cores, nice)"
1788684006,dcaccb6,1a3b2cc2,fuzz_trap_unpredicted,0,count,1,1,,,"TRAP-80/81/82 total; 81 by design, 82 is fuzz_trap82 (ALERT)"
1788684006,dcaccb6,1a3b2cc2,fuzz_trap82,0,count,1,1,,,"D12-C: SIGSEGV/SIGBUS, 0 tolerated, repros in $REPROS"
1788684018,dcaccb6,1a3b2cc2,selfcompile_wall,1808.6297,ms,5,0,0.0,36500,
1788684018,dcaccb6,1a3b2cc2,selfcompile_utime,1.736,s,5,0,0.0,36500,
1788684018,dcaccb6,1a3b2cc2,selfcompile_stime,0.0237,s,5,0,0.0,36500,
1788684018,dcaccb6,1a3b2cc2,selfcompile_maxrss,22992,kB,5,0,0.0,36500,
1788684018,dcaccb6,1a3b2cc2,selfcompile_energy,1.7288,core-s@fmax (proxy),5,0,0.0,36500,
1788684032,dcaccb6,1a3b2cc2,k1h_ms,2.13,ms/rep,11,0,0.0,38500,p95 2.180 
1788684032,dcaccb6,1a3b2cc2,k1h_loopwords,11,words,1,1,,,
1788684032,dcaccb6,1a3b2cc2,k2h_ms,1.01,ms/rep,11,0,0.0,38500,p95 1.100 
1788684032,dcaccb6,1a3b2cc2,k2h_loopwords,51,words,1,1,,,
1788684032,dcaccb6,1a3b2cc2,k3h_ms,0.63,ms/rep,11,0,0.0,38500,p95 0.780 
1788684032,dcaccb6,1a3b2cc2,k3h_loopwords,25,words,1,1,,,
1788684032,dcaccb6,1a3b2cc2,k4_ms,4.66,ms/rep,11,0,0.0,38500,p95 4.740 
1788684032,dcaccb6,1a3b2cc2,k4_loopwords,15,words,1,1,,,
1788684519,8c4a336,a903d33b,battery_flakes,0,count,1,1,,,FAILs that passed standalone (timing-flag gates under load)
1788684519,8c4a336,a903d33b,gate_run_ms,23566,ms,1,1,,,"sum of non-memo gate runs (95 runs, 5 memo hits)"
1788684675,8c4a336,a903d33b,battery_flakes,0,count,1,1,,,FAILs that passed standalone (timing-flag gates under load)
1788684675,8c4a336,a903d33b,gate_run_ms,23566,ms,1,1,,,"sum of non-memo gate runs (95 runs, 105 memo hits)"
1788684681,8c4a336,a903d33b,chain_wall,18,s,1,1,,,"chain + battery, CG=1"
1788684681,8c4a336,a903d33b,chain_cpu,20.407,s,1,1,,,children utime+stime of chain.sh
1788684681,8c4a336,a903d33b,bin_words,67775,words,1,1,,,bytes 272936
1788684681,8c4a336,a903d33b,stub_words,131,words,1,1,,,
1788684681,8c4a336,a903d33b,bin_fns,202,fns,1,1,,,
1788684682,8c4a336,a903d33b,cw:c04_cmp,56,words,1,1,,,was 86
1788684682,8c4a336,a903d33b,cw:c05_if,17,words,1,1,,,was 25
1788684682,8c4a336,a903d33b,cw:c09_recursion,31,words,1,1,,,was 37
1788684682,8c4a336,a903d33b,cw:c19_multi,67,words,1,1,,,was 73
1788684682,8c4a336,a903d33b,cw:c20_deep,95,words,1,1,,,was 100
1788684682,8c4a336,a903d33b,cw:c24_ifspill,140,words,1,1,,,was 146
1788684682,8c4a336,a903d33b,cw:c26_selfrec,163,words,1,1,,,was 183
1788684682,8c4a336,a903d33b,cw:c43_arena_persist,262,words,1,1,,,was 272
1788684682,8c4a336,a903d33b,cw:c46_andor,145,words,1,1,,,was 169
1788684682,8c4a336,a903d33b,fuzz_seeds_on_bin,0,seeds,1,1,,,TG-DONE 8: 0 on a903d33b; total 45600 over 7 bins
1788684682,8c4a336,a903d33b,fuzz_rate,0.0,prog/s,1,1,,,"median over the bin's batches (LITTLE cores, nice)"
1788684682,8c4a336,a903d33b,fuzz_trap_unpredicted,0,count,1,1,,,"TRAP-80/81/82 total; 81 by design, 82 is fuzz_trap82 (ALERT)"
1788684682,8c4a336,a903d33b,fuzz_trap82,0,count,1,1,,,"D12-C: SIGSEGV/SIGBUS, 0 tolerated, repros in $REPROS"
1788684703,8c4a336,a903d33b,selfcompile_wall,1585.1216,ms,5,0,0.0,47700,base 1a3b2cc2 1828
1788684704,8c4a336,a903d33b,selfcompile_utime,1.504,s,5,0,0.0,47700,base 1a3b2cc2 1.752
1788684704,8c4a336,a903d33b,selfcompile_stime,0.0397,s,5,0,0.0,47700,base 1a3b2cc2 0.03156
1788684704,8c4a336,a903d33b,selfcompile_maxrss,22520,kB,5,0,0.0,47700,base 1a3b2cc2 2.299e+04
1788684704,8c4a336,a903d33b,selfcompile_energy,1.499,core-s@fmax (proxy),5,0,0.0,47700,base 1a3b2cc2 1.739
1788684729,8c4a336,a903d33b,k1h_ms,2.13,ms/rep,11,0,0.0,43300,p95 2.230 base 1a3b2cc2 2.13/2.29 loop 11
1788684729,8c4a336,a903d33b,k1h_loopwords,11,words,1,1,,,base 1a3b2cc2 2.13/2.29 loop 11
1788684730,8c4a336,a903d33b,k2h_ms,0.77,ms/rep,11,0,0.0,43300,p95 0.950 base 1a3b2cc2 1.04/1.19 loop 51
1788684730,8c4a336,a903d33b,k2h_loopwords,51,words,1,1,,,base 1a3b2cc2 1.04/1.19 loop 51
1788684730,8c4a336,a903d33b,k3h_ms,0.71,ms/rep,11,0,0.0,43300,p95 0.790 base 1a3b2cc2 0.64/0.77 loop 25
1788684730,8c4a336,a903d33b,k3h_loopwords,25,words,1,1,,,base 1a3b2cc2 0.64/0.77 loop 25
1788684730,8c4a336,a903d33b,k4_ms,4.62,ms/rep,11,0,0.0,43300,p95 4.750 base 1a3b2cc2 4.58/4.64 loop 15
1788684730,8c4a336,a903d33b,k4_loopwords,15,words,1,1,,,base 1a3b2cc2 4.58/4.64 loop 15
1788684948,8c4a336,a903d33b,battery_flakes,0,count,1,1,,,FAILs that passed standalone (timing-flag gates under load)
1788684948,8c4a336,a903d33b,gate_run_ms,0,ms,1,1,,,"sum of non-memo gate runs (0 runs, 100 memo hits)"
1788685649,3d512dc,a903d33b,bin_words,67775,words,1,1,,,bytes 272936
1788685649,3d512dc,a903d33b,stub_words,131,words,1,1,,,
1788685650,3d512dc,a903d33b,bin_fns,202,fns,1,1,,,
1788685650,3d512dc,a903d33b,fuzz_seeds_on_bin,0,seeds,1,1,,,TG-DONE 8: 0 on a903d33b; total 45600 over 7 bins
1788685650,3d512dc,a903d33b,fuzz_rate,0.0,prog/s,1,1,,,"median over the bin's batches (LITTLE cores, nice)"
1788685650,3d512dc,a903d33b,fuzz_trap_unpredicted,0,count,1,1,,,"TRAP-80/81/82 total; 81 by design, 82 is fuzz_trap82 (ALERT)"
1788685650,3d512dc,a903d33b,fuzz_trap82,0,count,1,1,,,"D12-C: SIGSEGV/SIGBUS, 0 tolerated, repros in $REPROS"
1788685681,3d512dc,a903d33b,bin_words,67775,words,1,1,,,bytes 272936
1788685681,3d512dc,a903d33b,stub_words,131,words,1,1,,,
1788685681,3d512dc,a903d33b,bin_fns,202,fns,1,1,,,
1788685682,3d512dc,a903d33b,fuzz_seeds_on_bin,0,seeds,1,1,,,TG-DONE 8: 0 on a903d33b; total 45600 over 7 bins
1788685682,3d512dc,a903d33b,fuzz_rate,0.0,prog/s,1,1,,,"median over the bin's batches (LITTLE cores, nice)"
1788685682,3d512dc,a903d33b,fuzz_trap_unpredicted,0,count,1,1,,,"TRAP-80/81/82 total; 81 by design, 82 is fuzz_trap82 (ALERT)"
1788685682,3d512dc,a903d33b,fuzz_trap82,0,count,1,1,,,"D12-C: SIGSEGV/SIGBUS, 0 tolerated, repros in $REPROS"
1788685692,3d512dc,a903d33b,selfcompile_wall,1581.7303,ms,5,0,0.0,37500,base a903d33b 1582
1788685692,3d512dc,a903d33b,selfcompile_utime,1.5062,s,5,0,0.0,37500,base a903d33b 1.506
1788685692,3d512dc,a903d33b,selfcompile_stime,0.0356,s,5,0,0.0,37500,base a903d33b 0.0356
1788685692,3d512dc,a903d33b,selfcompile_maxrss,22508,kB,5,0,0.0,37500,base a903d33b 2.251e+04
1788685692,3d512dc,a903d33b,selfcompile_energy,1.5063,core-s@fmax (proxy),5,0,0.0,37500,base a903d33b 1.506
1788685707,3d512dc,a903d33b,k1h_ms,2.13,ms/rep,11,0,0.0,39500,p95 2.230 base a903d33b 2.13/2.23 loop 11
1788685707,3d512dc,a903d33b,k1h_loopwords,11,words,1,1,,,base a903d33b 2.13/2.23 loop 11
1788685707,3d512dc,a903d33b,k2h_ms,0.89,ms/rep,11,0,0.0,39500,p95 1.000 base a903d33b 0.89/1.00 loop 51
1788685707,3d512dc,a903d33b,k2h_loopwords,51,words,1,1,,,base a903d33b 0.89/1.00 loop 51
1788685707,3d512dc,a903d33b,k3h_ms,0.74,ms/rep,11,0,0.0,39500,p95 0.780 base a903d33b 0.74/0.78 loop 25
1788685707,3d512dc,a903d33b,k3h_loopwords,25,words,1,1,,,base a903d33b 0.74/0.78 loop 25
1788685708,3d512dc,a903d33b,k4_ms,4.63,ms/rep,11,0,0.0,39500,p95 4.710 base a903d33b 4.63/4.71 loop 15
1788685708,3d512dc,a903d33b,k4_loopwords,15,words,1,1,,,base a903d33b 4.63/4.71 loop 15
1788685708,3d512dc,a903d33b,k8h_ms,0.39,ms/rep,11,0,0.0,39500,p95 0.430 base a903d33b 0.39/0.43 loop 40
1788685708,3d512dc,a903d33b,k8h_loopwords,40,words,1,1,,,base a903d33b 0.39/0.43 loop 40
1788685781,3d512dc,df6044a8,battery_flakes,0,count,1,1,,,FAILs that passed standalone (timing-flag gates under load)
1788685781,3d512dc,df6044a8,gate_run_ms,23487,ms,1,1,,,"sum of non-memo gate runs (96 runs, 4 memo hits)"
1788686046,69e0eb5,a903d33b,bin_words,67775,words,1,1,,,bytes 272936
1788686046,69e0eb5,a903d33b,stub_words,131,words,1,1,,,
1788686046,69e0eb5,a903d33b,bin_fns,202,fns,1,1,,,
1788686046,69e0eb5,df6044a8,bin_words,68233,words,1,1,,,bytes 274768
1788686046,69e0eb5,df6044a8,stub_words,131,words,1,1,,,
1788686046,69e0eb5,df6044a8,bin_fns,204,fns,1,1,,,
1788686678,69e0eb5,f7a25d38,battery_flakes,0,count,1,1,,,FAILs that passed standalone (timing-flag gates under load)
1788686678,69e0eb5,f7a25d38,gate_run_ms,37085,ms,1,1,,,"sum of non-memo gate runs (149 runs, 51 memo hits)"
1788688555,69e0eb5,f7a25d38,battery_flakes,0,count,1,1,,,FAILs that passed standalone (timing-flag gates under load)
1788688555,69e0eb5,f7a25d38,gate_run_ms,0,ms,1,1,,,"sum of non-memo gate runs (0 runs, 100 memo hits)"
1788689839,69e0eb5,f7a25d38,battery_flakes,0,count,1,1,,,FAILs that passed standalone (timing-flag gates under load)
1788689840,69e0eb5,f7a25d38,gate_run_ms,0,ms,1,1,,,"sum of non-memo gate runs (0 runs, 200 memo hits)"
1788690006,69e0eb5,f7a25d38,bin_words,68229,words,1,1,,,bytes 274752
1788690006,69e0eb5,f7a25d38,stub_words,131,words,1,1,,,
1788690006,69e0eb5,f7a25d38,bin_fns,204,fns,1,1,,,
1788690006,69e0eb5,f7a25d38,fuzz_seeds_on_bin,0,seeds,1,1,,,TG-DONE 8: 0 on f7a25d38; total 45600 over 7 bins
1788690006,69e0eb5,f7a25d38,fuzz_rate,0.0,prog/s,1,1,,,"median over the bin's batches (LITTLE cores, nice)"
1788690006,69e0eb5,f7a25d38,fuzz_trap_unpredicted,0,count,1,1,,,"TRAP-80/81/82 total; 81 by design, 82 is fuzz_trap82 (ALERT)"
1788690006,69e0eb5,f7a25d38,fuzz_trap82,0,count,1,1,,,"D12-C: SIGSEGV/SIGBUS, 0 tolerated, repros in $REPROS"
1788690025,69e0eb5,f7a25d38,selfcompile_wall,1507.616,ms,5,0,0.0,47000,base a903d33b 1501
1788690025,69e0eb5,f7a25d38,selfcompile_utime,1.4396,s,5,0,0.0,47000,base a903d33b 1.444
1788690025,69e0eb5,f7a25d38,selfcompile_stime,0.0237,s,5,0,0.0,47000,base a903d33b 0.02772
1788690025,69e0eb5,f7a25d38,selfcompile_maxrss,22628,kB,5,0,0.0,47000,base a903d33b 2.264e+04
1788690025,69e0eb5,f7a25d38,selfcompile_energy,0.0,core-s@fmax (proxy),5,0,0.0,47000,base a903d33b 0
1788690046,69e0eb5,f7a25d38,k1h_ms,1.75,ms/rep,11,0,0.0,43600,p95 1.790 base a903d33b 1.91/2.25 loop 11
1788690046,69e0eb5,f7a25d38,k1h_loopwords,10,words,1,1,,,base a903d33b 1.91/2.25 loop 11
1788690046,69e0eb5,f7a25d38,k2h_ms,0.71,ms/rep,11,0,0.0,43600,p95 0.910 base a903d33b 0.72/0.89 loop 51
1788690046,69e0eb5,f7a25d38,k2h_loopwords,51,words,1,1,,,base a903d33b 0.72/0.89 loop 51
1788690046,69e0eb5,f7a25d38,k3h_ms,0.54,ms/rep,11,0,0.0,43600,p95 0.600 base a903d33b 0.54/0.59 loop 25
1788690046,69e0eb5,f7a25d38,k3h_loopwords,24,words,1,1,,,base a903d33b 0.54/0.59 loop 25
1788690046,69e0eb5,f7a25d38,k4_ms,4.04,ms/rep,11,0,0.0,43600,p95 4.110 base a903d33b 4.23/4.37 loop 15
1788690046,69e0eb5,f7a25d38,k4_loopwords,14,words,1,1,,,base a903d33b 4.23/4.37 loop 15
1788690046,69e0eb5,f7a25d38,k8h_ms,0.33,ms/rep,11,0,0.0,43600,p95 0.420 base a903d33b 0.21/0.37 loop 40
1788690046,69e0eb5,f7a25d38,k8h_loopwords,39,words,1,1,,,base a903d33b 0.21/0.37 loop 40
1788717610,2a9f7e9,3bed1c48,battery_flakes,0,count,1,1,,,FAILs that passed standalone (timing-flag gates under load)
1788717611,2a9f7e9,3bed1c48,gate_run_ms,21438,ms,1,1,,,"sum of non-memo gate runs (93 runs, 0 memo hits)"
1788718275,2a9f7e9,4c8fc5a6,battery_flakes,0,count,1,1,,,FAILs that passed standalone (timing-flag gates under load)
1788718276,2a9f7e9,4c8fc5a6,gate_run_ms,2916,ms,1,1,,,"sum of non-memo gate runs (8 runs, 91 memo hits)"
1788718531,2a9f7e9,c74110f9,battery_flakes,0,count,1,1,,,FAILs that passed standalone (timing-flag gates under load)
1788718532,2a9f7e9,c74110f9,gate_run_ms,213,ms,1,1,,,"sum of non-memo gate runs (1 runs, 99 memo hits)"
1788718692,2a9f7e9,c74110f9,battery_flakes,0,count,1,1,,,FAILs that passed standalone (timing-flag gates under load)
1788718692,2a9f7e9,c74110f9,gate_run_ms,0,ms,1,1,,,"sum of non-memo gate runs (0 runs, 100 memo hits)"
1788726308,2a9f7e9,53d13800,bin_words,36218,words,1,1,,,bytes 146708
1788726308,2a9f7e9,53d13800,stub_words,131,words,1,1,,,
1788726308,2a9f7e9,53d13800,bin_fns,255,fns,1,1,,,
1788726308,2a9f7e9,53d13800,push_words,0,words,1,1,,,register model: 0 = stack machine fully retired
1788726366,2a9f7e9,53d13800,bin_words,36218,words,1,1,,,bytes 146708
1788726366,2a9f7e9,53d13800,stub_words,131,words,1,1,,,
1788726366,2a9f7e9,53d13800,bin_fns,255,fns,1,1,,,
1788726366,2a9f7e9,53d13800,push_words,0,words,1,1,,,register model: 0 = stack machine fully retired
1788726402,2a9f7e9,53d13800,bin_words,36218,words,1,1,,,bytes 146708
1788726402,2a9f7e9,53d13800,stub_words,131,words,1,1,,,
1788726402,2a9f7e9,53d13800,bin_fns,255,fns,1,1,,,
1788726402,2a9f7e9,53d13800,push_words,0,words,1,1,,,register model: 0 = stack machine fully retired
1788726479,2a9f7e9,53d13800,battery_flakes,0,count,1,1,,,FAILs that passed standalone (timing-flag gates under load)
1788726479,2a9f7e9,53d13800,gate_run_ms,0,ms,1,1,,,"sum of non-memo gate runs (0 runs, 100 memo hits)"
1788726497,2a9f7e9,53d13800,bin_words,36218,words,1,1,,,bytes 146708
1788726497,2a9f7e9,53d13800,stub_words,131,words,1,1,,,
1788726497,2a9f7e9,53d13800,bin_fns,255,fns,1,1,,,
1788726497,2a9f7e9,53d13800,push_words,0,words,1,1,,,register model: 0 = stack machine fully retired
1788726881,2a9f7e9,53d13800,k1h_ms,1.09,ms/rep,11,0,17.0,39200,p95 1.200 
1788726881,2a9f7e9,53d13800,k1h_loopwords,5,words,1,1,,,
1788726881,2a9f7e9,53d13800,k2h_ms,0.76,ms/rep,11,0,17.0,39200,p95 0.860 
1788726881,2a9f7e9,53d13800,k2h_loopwords,51,words,1,1,,,
1788726881,2a9f7e9,53d13800,k3h_ms,0.29,ms/rep,11,0,17.0,39200,p95 0.400 
1788726881,2a9f7e9,53d13800,k3h_loopwords,8,words,1,1,,,
1788726881,2a9f7e9,53d13800,k4_ms,4.03,ms/rep,11,0,17.0,39200,p95 4.160 
1788726881,2a9f7e9,53d13800,k4_loopwords,7,words,1,1,,,
1788726882,2a9f7e9,53d13800,k8h_ms,0.3,ms/rep,11,0,17.0,39200,p95 0.340 
1788726882,2a9f7e9,53d13800,k8h_loopwords,25,words,1,1,,,
1788728442,2a9f7e9,53d13800,battery_flakes,0,count,1,1,,,FAILs that passed standalone (timing-flag gates under load)
1788728442,2a9f7e9,53d13800,gate_run_ms,0,ms,1,1,,,"sum of non-memo gate runs (0 runs, 100 memo hits)"
1788728458,2a9f7e9,53d13800,bin_words,36218,words,1,1,,,bytes 146708
1788728458,2a9f7e9,53d13800,stub_words,131,words,1,1,,,
1788728458,2a9f7e9,53d13800,bin_fns,255,fns,1,1,,,
1788728458,2a9f7e9,53d13800,push_words,0,words,1,1,,,register model: 0 = stack machine fully retired
1788728712,2a9f7e9,831a357c,battery_flakes,0,count,1,1,,,FAILs that passed standalone (timing-flag gates under load)
1788728712,2a9f7e9,831a357c,gate_run_ms,0,ms,1,1,,,"sum of non-memo gate runs (0 runs, 100 memo hits)"
1788728730,2a9f7e9,831a357c,bin_words,36059,words,1,1,,,bytes 146072
1788728730,2a9f7e9,831a357c,stub_words,131,words,1,1,,,
1788728730,2a9f7e9,831a357c,bin_fns,255,fns,1,1,,,
1788728731,2a9f7e9,831a357c,push_words,0,words,1,1,,,register model: 0 = stack machine fully retired
1788728773,2a9f7e9,831a357c,battery_flakes,0,count,1,1,,,FAILs that passed standalone (timing-flag gates under load)
1788728774,2a9f7e9,831a357c,gate_run_ms,0,ms,1,1,,,"sum of non-memo gate runs (0 runs, 100 memo hits)"
1788728793,2a9f7e9,831a357c,bin_words,36059,words,1,1,,,bytes 146072
1788728793,2a9f7e9,831a357c,stub_words,131,words,1,1,,,
1788728793,2a9f7e9,831a357c,bin_fns,255,fns,1,1,,,
1788728793,2a9f7e9,831a357c,push_words,0,words,1,1,,,register model: 0 = stack machine fully retired
1788728835,2a9f7e9,831a357c,battery_flakes,0,count,1,1,,,FAILs that passed standalone (timing-flag gates under load)
1788728835,2a9f7e9,831a357c,gate_run_ms,0,ms,1,1,,,"sum of non-memo gate runs (0 runs, 100 memo hits)"
1788728854,2a9f7e9,831a357c,bin_words,36059,words,1,1,,,bytes 146072
1788728854,2a9f7e9,831a357c,stub_words,131,words,1,1,,,
1788728855,2a9f7e9,831a357c,bin_fns,255,fns,1,1,,,
1788728855,2a9f7e9,831a357c,push_words,0,words,1,1,,,register model: 0 = stack machine fully retired
1788731171,a77adc6,831a357c,battery_flakes,0,count,1,1,,,FAILs that passed standalone (timing-flag gates under load)
1788731172,a77adc6,831a357c,gate_run_ms,0,ms,1,1,,,"sum of non-memo gate runs (0 runs, 100 memo hits)"
1788731219,a77adc6,831a357c,bin_words,36059,words,1,1,,,bytes 146072
1788731220,a77adc6,831a357c,stub_words,131,words,1,1,,,
1788731220,a77adc6,831a357c,bin_fns,255,fns,1,1,,,
1788731220,a77adc6,831a357c,push_words,0,words,1,1,,,register model: 0 = stack machine fully retired
1788732300,44d0e06,aebd2f49,battery_flakes,0,count,1,1,,,FAILs that passed standalone (timing-flag gates under load)
1788732300,44d0e06,aebd2f49,gate_run_ms,0,ms,1,1,,,"sum of non-memo gate runs (0 runs, 100 memo hits)"
1788732362,44d0e06,aebd2f49,bin_words,36195,words,1,1,,,bytes 146616
1788732362,44d0e06,aebd2f49,stub_words,131,words,1,1,,,
1788732362,44d0e06,aebd2f49,bin_fns,255,fns,1,1,,,
1788732362,44d0e06,aebd2f49,push_words,0,words,1,1,,,register model: 0 = stack machine fully retired
1788732610,44d0e06,aebd2f49,battery_flakes,0,count,1,1,,,FAILs that passed standalone (timing-flag gates under load)
1788732611,44d0e06,aebd2f49,gate_run_ms,0,ms,1,1,,,"sum of non-memo gate runs (0 runs, 100 memo hits)"
1788732678,44d0e06,aebd2f49,bin_words,36195,words,1,1,,,bytes 146616
1788732678,44d0e06,aebd2f49,stub_words,131,words,1,1,,,
1788732678,44d0e06,aebd2f49,bin_fns,255,fns,1,1,,,
1788732678,44d0e06,aebd2f49,push_words,0,words,1,1,,,register model: 0 = stack machine fully retired
1788732688,44d0e06,aebd2f49,chain_wall,98,s,1,1,,,"chain + battery, CG=0"
1788732689,44d0e06,aebd2f49,chain_cpu,58.636,s,1,1,,,children utime+stime of chain.sh
1788732690,44d0e06,aebd2f49,bin_words,36195,words,1,1,,,bytes 146616
1788732690,44d0e06,aebd2f49,stub_words,131,words,1,1,,,
1788732690,44d0e06,aebd2f49,bin_fns,255,fns,1,1,,,
1788732690,44d0e06,aebd2f49,push_words,0,words,1,1,,,register model: 0 = stack machine fully retired
1788732690,44d0e06,aebd2f49,cw:c01_lit,9,words,1,1,,,was 30
1788732690,44d0e06,aebd2f49,cw:c02_arith,7,words,1,1,,,was 23
1788732691,44d0e06,aebd2f49,cw:c03_precedence,7,words,1,1,,,was 12
1788732691,44d0e06,aebd2f49,cw:c04_cmp,51,words,1,1,,,was 56
1788732691,44d0e06,aebd2f49,cw:c05_if,18,words,1,1,,,was 17
1788732691,44d0e06,aebd2f49,cw:c06_let,13,words,1,1,,,was 20
1788732691,44d0e06,aebd2f49,cw:c07_while,17,words,1,1,,,was 24
1788732691,44d0e06,aebd2f49,cw:c08_call,25,words,1,1,,,was 37
1788732691,44d0e06,aebd2f49,cw:c09_recursion,26,words,1,1,,,was 31
1788732691,44d0e06,aebd2f49,cw:c10_struct,40,words,1,1,,,was 54
1788732691,44d0e06,aebd2f49,cw:c12_match,10,words,1,1,,,was 16
1788732692,44d0e06,aebd2f49,cw:c13_array,29,words,1,1,,,was 72
1788732692,44d0e06,aebd2f49,cw:c14_string,13,words,1,1,,,was 17
1788732692,44d0e06,aebd2f49,cw:c15_bitwise,7,words,1,1,,,was 30
1788732692,44d0e06,aebd2f49,cw:c16_compound,18,words,1,1,,,was 30
1788732692,44d0e06,aebd2f49,cw:c17_neg,10,words,1,1,,,was 33
1788732692,44d0e06,aebd2f49,cw:c19_multi,53,words,1,1,,,was 67
1788732692,44d0e06,aebd2f49,cw:c20_deep,46,words,1,1,,,was 95
1788732692,44d0e06,aebd2f49,cw:c21_param13,65,words,1,1,,,was 122
1788732692,44d0e06,aebd2f49,cw:c22_matchbind,10,words,1,1,,,was 15
1788732692,44d0e06,aebd2f49,cw:c23_spillcall,115,words,1,1,,,was 225
1788732692,44d0e06,aebd2f49,cw:c24_ifspill,81,words,1,1,,,was 140
1788732692,44d0e06,aebd2f49,cw:c25_matchtail,28,words,1,1,,,was 62
1788732693,44d0e06,aebd2f49,cw:c26_selfrec,108,words,1,1,,,was 163
1788732693,44d0e06,aebd2f49,cw:c27_zeroarg,29,words,1,1,,,was 32
1788732693,44d0e06,aebd2f49,cw:c30_unary,31,words,1,1,,,was 61
1788732693,44d0e06,aebd2f49,cw:c31_nested_lit,67,words,1,1,,,was 149
1788732693,44d0e06,aebd2f49,cw:c32_asr,34,words,1,1,,,was 69
1788732693,44d0e06,aebd2f49,cw:c33_loopalloc,56,words,1,1,,,was 121
1788732693,44d0e06,aebd2f49,cw:c34_loopescape,58,words,1,1,,,was 107
1788732693,44d0e06,aebd2f49,cw:c35_return,48,words,1,1,,,was 59
1788732693,44d0e06,aebd2f49,cw:c36_break,70,words,1,1,,,was 137
1788732694,44d0e06,aebd2f49,cw:c40_struct,115,words,1,1,,,was 192
1788732694,44d0e06,aebd2f49,cw:c41_clz,42,words,1,1,,,was 67
1788732694,44d0e06,aebd2f49,cw:c42_crc32,115,words,1,1,,,was 192
1788732694,44d0e06,aebd2f49,cw:c43_arena_persist,130,words,1,1,,,was 262
1788732694,44d0e06,aebd2f49,cw:c44_use24,297,words,1,1,,,was 328
1788732694,44d0e06,aebd2f49,cw:c45_crc32x,105,words,1,1,,,was 208
1788732694,44d0e06,aebd2f49,cw:c46_andor,93,words,1,1,,,was 145
1788732694,44d0e06,aebd2f49,cw:c47_usenest,44,words,1,1,,,was 51
1788732694,44d0e06,aebd2f49,cw:c50_cas,28,words,1,1,,,was 31
1788732694,44d0e06,aebd2f49,cw:c53_param9,64,words,1,1,,,was 106
1788732694,44d0e06,aebd2f49,cw:c55_vswindow,51,words,1,1,,,first
1788732695,44d0e06,aebd2f49,cw:c56_nest,62,words,1,1,,,first
1788732695,44d0e06,aebd2f49,cw:c57_flags,26,words,1,1,,,first
1788732695,44d0e06,aebd2f49,cw:c58_callmix,65,words,1,1,,,first
1788732695,44d0e06,aebd2f49,cw:c59_evict,37,words,1,1,,,first
1788732695,44d0e06,aebd2f49,cw:c60_nestctor,31,words,1,1,,,first
1788732695,44d0e06,aebd2f49,cw:c61_arrcall,53,words,1,1,,,first
1788732695,44d0e06,aebd2f49,fuzz_seeds_on_bin,0,seeds,1,1,,,TG-DONE 8: 0 on aebd2f49; total 45600 over 7 bins
1788732695,44d0e06,aebd2f49,fuzz_rate,0.0,prog/s,1,1,,,"median over the bin's batches (LITTLE cores, nice)"
1788732695,44d0e06,aebd2f49,fuzz_trap_unpredicted,0,count,1,1,,,"TRAP-80/81/82 total; 81 by design, 82 is fuzz_trap82 (ALERT)"
1788732695,44d0e06,aebd2f49,fuzz_trap82,0,count,1,1,,,"D12-C: SIGSEGV/SIGBUS, 0 tolerated, repros in $REPROS"
1788732715,44d0e06,aebd2f49,selfcompile_wall,1511.2691,ms,5,0,0.0,39200,base 831a357c 1509
1788732715,44d0e06,aebd2f49,selfcompile_utime,1.4273,s,5,0,0.0,39200,base 831a357c 1.438
1788732715,44d0e06,aebd2f49,selfcompile_stime,0.0428,s,5,0,0.0,39200,base 831a357c 0.03943
1788732715,44d0e06,aebd2f49,selfcompile_maxrss,21500,kB,5,0,0.0,39200,base 831a357c 2.133e+04
1788732715,44d0e06,aebd2f49,selfcompile_energy,1.4209,core-s@fmax (proxy),5,0,0.0,39200,base 831a357c 1.423
1788732739,44d0e06,aebd2f49,k1h_ms,1.25,ms/rep,11,0,0.0,37500,p95 1.270 base 831a357c 1.22/1.31 loop 5
1788732739,44d0e06,aebd2f49,k1h_loopwords,5,words,1,1,,,base 831a357c 1.22/1.31 loop 5
1788732739,44d0e06,aebd2f49,k2h_ms,0.82,ms/rep,11,0,0.0,37500,p95 0.910 base 831a357c 0.82/0.85 loop 51
1788732740,44d0e06,aebd2f49,k2h_loopwords,51,words,1,1,,,base 831a357c 0.82/0.85 loop 51
1788732740,44d0e06,aebd2f49,k3h_ms,0.33,ms/rep,11,0,0.0,37500,p95 0.370 base 831a357c 0.34/0.42 loop 8
1788732740,44d0e06,aebd2f49,k3h_loopwords,8,words,1,1,,,base 831a357c 0.34/0.42 loop 8
1788732740,44d0e06,aebd2f49,k4_ms,4.3,ms/rep,11,0,0.0,37500,p95 4.450 base 831a357c 4.42/4.51 loop 7
1788732740,44d0e06,aebd2f49,k4_loopwords,7,words,1,1,,,base 831a357c 4.42/4.51 loop 7
1788732740,44d0e06,aebd2f49,k8h_ms,0.28,ms/rep,11,0,0.0,37500,p95 0.370 base 831a357c 0.31/0.35 loop 25
1788732740,44d0e06,aebd2f49,k8h_loopwords,25,words,1,1,,,base 831a357c 0.31/0.35 loop 25
1788732984,44d0e06,aebd2f49,battery_flakes,0,count,1,1,,,FAILs that passed standalone (timing-flag gates under load)
1788732985,44d0e06,aebd2f49,gate_run_ms,0,ms,1,1,,,"sum of non-memo gate runs (0 runs, 100 memo hits)"
1788733048,44d0e06,aebd2f49,bin_words,36195,words,1,1,,,bytes 146616
1788733048,44d0e06,aebd2f49,stub_words,131,words,1,1,,,
1788733048,44d0e06,aebd2f49,bin_fns,255,fns,1,1,,,
1788733048,44d0e06,aebd2f49,push_words,0,words,1,1,,,register model: 0 = stack machine fully retired
1788733057,44d0e06,aebd2f49,chain_wall,93,s,1,1,,,"chain + battery, CG=0"
1788733058,44d0e06,aebd2f49,chain_cpu,54.491,s,1,1,,,children utime+stime of chain.sh
1788733059,44d0e06,aebd2f49,bin_words,36195,words,1,1,,,bytes 146616
1788733059,44d0e06,aebd2f49,stub_words,131,words,1,1,,,
1788733059,44d0e06,aebd2f49,bin_fns,255,fns,1,1,,,
1788733059,44d0e06,aebd2f49,push_words,0,words,1,1,,,register model: 0 = stack machine fully retired
1788733059,44d0e06,aebd2f49,fuzz_seeds_on_bin,0,seeds,1,1,,,TG-DONE 8: 0 on aebd2f49; total 45600 over 7 bins
1788733059,44d0e06,aebd2f49,fuzz_rate,0.0,prog/s,1,1,,,"median over the bin's batches (LITTLE cores, nice)"
1788733059,44d0e06,aebd2f49,fuzz_trap_unpredicted,0,count,1,1,,,"TRAP-80/81/82 total; 81 by design, 82 is fuzz_trap82 (ALERT)"
1788733060,44d0e06,aebd2f49,fuzz_trap82,0,count,1,1,,,"D12-C: SIGSEGV/SIGBUS, 0 tolerated, repros in $REPROS"
1788733078,44d0e06,aebd2f49,selfcompile_wall,1511.1121,ms,5,0,0.0,40600,base 831a357c 1514
1788733079,44d0e06,aebd2f49,selfcompile_utime,1.4349,s,5,0,0.0,40600,base 831a357c 1.434
1788733079,44d0e06,aebd2f49,selfcompile_stime,0.0355,s,5,0,0.0,40600,base 831a357c 0.04319
1788733079,44d0e06,aebd2f49,selfcompile_maxrss,21424,kB,5,0,0.0,40600,base 831a357c 2.133e+04
1788733079,44d0e06,aebd2f49,selfcompile_energy,1.4218,core-s@fmax (proxy),5,0,0.0,40600,base 831a357c 1.426
1788733103,44d0e06,aebd2f49,k1h_ms,1.25,ms/rep,11,0,0.0,38500,p95 1.290 base 831a357c 1.20/1.29 loop 5
1788733103,44d0e06,aebd2f49,k1h_loopwords,5,words,1,1,,,base 831a357c 1.20/1.29 loop 5
1788733103,44d0e06,aebd2f49,k2h_ms,0.86,ms/rep,11,0,0.0,38500,p95 0.910 base 831a357c 0.82/0.88 loop 51
1788733103,44d0e06,aebd2f49,k2h_loopwords,51,words,1,1,,,base 831a357c 0.82/0.88 loop 51
1788733104,44d0e06,aebd2f49,k3h_ms,0.36,ms/rep,11,0,0.0,38500,p95 0.400 base 831a357c 0.36/0.41 loop 8
1788733104,44d0e06,aebd2f49,k3h_loopwords,8,words,1,1,,,base 831a357c 0.36/0.41 loop 8
1788733104,44d0e06,aebd2f49,k4_ms,4.35,ms/rep,11,0,0.0,38500,p95 4.450 base 831a357c 4.41/4.54 loop 7
1788733104,44d0e06,aebd2f49,k4_loopwords,7,words,1,1,,,base 831a357c 4.41/4.54 loop 7
1788733104,44d0e06,aebd2f49,k8h_ms,0.27,ms/rep,11,0,0.0,38500,p95 0.360 base 831a357c 0.30/0.33 loop 25
1788733104,44d0e06,aebd2f49,k8h_loopwords,25,words,1,1,,,base 831a357c 0.30/0.33 loop 25
1788733184,44d0e06,aebd2f49,bin_words,36195,words,1,1,,,bytes 146616
1788733184,44d0e06,aebd2f49,stub_words,131,words,1,1,,,
1788733184,44d0e06,aebd2f49,bin_fns,255,fns,1,1,,,
1788733184,44d0e06,aebd2f49,push_words,0,words,1,1,,,register model: 0 = stack machine fully retired
1788733212,44d0e06,aebd2f49,battery_flakes,0,count,1,1,,,FAILs that passed standalone (timing-flag gates under load)
1788733213,44d0e06,aebd2f49,gate_run_ms,0,ms,1,1,,,"sum of non-memo gate runs (0 runs, 100 memo hits)"
1788733281,44d0e06,aebd2f49,bin_words,36195,words,1,1,,,bytes 146616
1788733281,44d0e06,aebd2f49,stub_words,131,words,1,1,,,
1788733281,44d0e06,aebd2f49,bin_fns,255,fns,1,1,,,
1788733281,44d0e06,aebd2f49,push_words,0,words,1,1,,,register model: 0 = stack machine fully retired
1788738419,eb73c29,f20535be,battery_flakes,0,count,1,1,,,FAILs that passed standalone (timing-flag gates under load)
1788738420,eb73c29,f20535be,gate_run_ms,0,ms,1,1,,,"sum of non-memo gate runs (0 runs, 100 memo hits)"
1788738490,eb73c29,f20535be,bin_words,36195,words,1,1,,,bytes 146616
1788738490,eb73c29,f20535be,stub_words,131,words,1,1,,,
1788738490,eb73c29,f20535be,bin_fns,255,fns,1,1,,,
1788738490,eb73c29,f20535be,push_words,0,words,1,1,,,register model: 0 = stack machine fully retired
1788738501,eb73c29,f20535be,chain_wall,103,s,1,1,,,"chain + battery, CG=0"
1788738502,eb73c29,f20535be,chain_cpu,59.34,s,1,1,,,children utime+stime of chain.sh
1788738502,eb73c29,f20535be,bin_words,36195,words,1,1,,,bytes 146616
1788738503,eb73c29,f20535be,stub_words,131,words,1,1,,,
1788738503,eb73c29,f20535be,bin_fns,255,fns,1,1,,,
1788738503,eb73c29,f20535be,push_words,0,words,1,1,,,register model: 0 = stack machine fully retired
1788738503,eb73c29,f20535be,cw:c66_fncap,2582,words,1,1,,,first
1788738503,eb73c29,f20535be,fuzz_seeds_on_bin,0,seeds,1,1,,,TG-DONE 8: 0 on f20535be; total 45600 over 7 bins
1788738503,eb73c29,f20535be,fuzz_rate,0.0,prog/s,1,1,,,"median over the bin's batches (LITTLE cores, nice)"
1788738503,eb73c29,f20535be,fuzz_trap_unpredicted,0,count,1,1,,,"TRAP-80/81/82 total; 81 by design, 82 is fuzz_trap82 (ALERT)"
1788738503,eb73c29,f20535be,fuzz_trap82,0,count,1,1,,,"D12-C: SIGSEGV/SIGBUS, 0 tolerated, repros in $REPROS"
1788738522,eb73c29,f20535be,selfcompile_wall,1474.6714,ms,5,0,0.0,54100,base aebd2f49 1477
1788738522,eb73c29,f20535be,selfcompile_utime,1.4284,s,5,0,0.0,54100,base aebd2f49 1.433
1788738522,eb73c29,f20535be,selfcompile_stime,0.0278,s,5,0,0.0,54100,base aebd2f49 0.02785
1788738522,eb73c29,f20535be,selfcompile_maxrss,21544,kB,5,0,0.0,54100,base aebd2f49 2.133e+04
1788738522,eb73c29,f20535be,selfcompile_energy,1.4237,core-s@fmax (proxy),5,0,0.0,54100,base aebd2f49 1.432
1788738545,eb73c29,f20535be,k1h_ms,1.27,ms/rep,11,0,0.0,60200,p95 1.550 base aebd2f49 1.17/1.48 loop 5
1788738545,eb73c29,f20535be,k1h_loopwords,5,words,1,1,,,base aebd2f49 1.17/1.48 loop 5
1788738545,eb73c29,f20535be,k2h_ms,0.84,ms/rep,11,0,0.0,60200,p95 1.100 base aebd2f49 0.76/1.38 loop 51
1788738545,eb73c29,f20535be,k2h_loopwords,51,words,1,1,,,base aebd2f49 0.76/1.38 loop 51
1788738545,eb73c29,f20535be,k3h_ms,0.35,ms/rep,11,0,0.0,60200,p95 0.400 base aebd2f49 0.36/0.40 loop 8
1788738545,eb73c29,f20535be,k3h_loopwords,8,words,1,1,,,base aebd2f49 0.36/0.40 loop 8
1788738545,eb73c29,f20535be,k4_ms,4.77,ms/rep,11,0,0.0,60200,p95 5.910 base aebd2f49 4.33/4.61 loop 7
1788738545,eb73c29,f20535be,k4_loopwords,7,words,1,1,,,base aebd2f49 4.33/4.61 loop 7
1788738546,eb73c29,f20535be,k8h_ms,0.19,ms/rep,11,0,0.0,60200,p95 0.310 base aebd2f49 0.26/0.31 loop 25
1788738546,eb73c29,f20535be,k8h_loopwords,25,words,1,1,,,base aebd2f49 0.26/0.31 loop 25
1788738824,3b58f34,d3097e90,battery_flakes,0,count,1,1,,,FAILs that passed standalone (timing-flag gates under load)
1788738824,3b58f34,d3097e90,gate_run_ms,19104,ms,1,1,,,"sum of non-memo gate runs (93 runs, 7 memo hits)"
1788738944,3b58f34,d3097e90,bin_words,36910,words,1,1,,,bytes 149476
1788738944,3b58f34,d3097e90,stub_words,131,words,1,1,,,
1788738944,3b58f34,d3097e90,bin_fns,257,fns,1,1,,,
1788738945,3b58f34,d3097e90,push_words,0,words,1,1,,,register model: 0 = stack machine fully retired
1788740761,3b58f34,e1df4dcc,battery_flakes,0,count,1,1,,,FAILs that passed standalone (timing-flag gates under load)
1788740762,3b58f34,e1df4dcc,gate_run_ms,0,ms,1,1,,,"sum of non-memo gate runs (0 runs, 100 memo hits)"
1788740880,3b58f34,e1df4dcc,bin_words,37687,words,1,1,,,bytes 152584
1788740880,3b58f34,e1df4dcc,stub_words,131,words,1,1,,,
1788740880,3b58f34,e1df4dcc,bin_fns,262,fns,1,1,,,
1788740880,3b58f34,e1df4dcc,push_words,0,words,1,1,,,register model: 0 = stack machine fully retired
1788741000,3b58f34,e1df4dcc,battery_flakes,0,count,1,1,,,FAILs that passed standalone (timing-flag gates under load)
1788741001,3b58f34,e1df4dcc,gate_run_ms,0,ms,1,1,,,"sum of non-memo gate runs (0 runs, 100 memo hits)"
1788741119,3b58f34,e1df4dcc,bin_words,37687,words,1,1,,,bytes 152584
1788741119,3b58f34,e1df4dcc,stub_words,131,words,1,1,,,
1788741119,3b58f34,e1df4dcc,bin_fns,262,fns,1,1,,,
1788741120,3b58f34,e1df4dcc,push_words,0,words,1,1,,,register model: 0 = stack machine fully retired
1788741320,3b58f34,e1df4dcc,battery_flakes,0,count,1,1,,,FAILs that passed standalone (timing-flag gates under load)
1788741321,3b58f34,e1df4dcc,gate_run_ms,0,ms,1,1,,,"sum of non-memo gate runs (0 runs, 100 memo hits)"
1788741440,3b58f34,e1df4dcc,bin_words,37687,words,1,1,,,bytes 152584
1788741441,3b58f34,e1df4dcc,stub_words,131,words,1,1,,,
1788741441,3b58f34,e1df4dcc,bin_fns,262,fns,1,1,,,
1788741441,3b58f34,e1df4dcc,push_words,0,words,1,1,,,register model: 0 = stack machine fully retired
1788741450,3b58f34,e1df4dcc,chain_wall,202,s,1,1,,,"chain + battery, CG=1"
1788741451,3b58f34,e1df4dcc,chain_cpu,156.649,s,1,1,,,children utime+stime of chain.sh
1788741452,3b58f34,e1df4dcc,bin_words,37687,words,1,1,,,bytes 152584
1788741452,3b58f34,e1df4dcc,stub_words,131,words,1,1,,,
1788741452,3b58f34,e1df4dcc,bin_fns,262,fns,1,1,,,
1788741452,3b58f34,e1df4dcc,push_words,0,words,1,1,,,register model: 0 = stack machine fully retired
1788741452,3b58f34,e1df4dcc,cw:c04_cmp,41,words,1,1,,,was 51
1788741452,3b58f34,e1df4dcc,cw:c05_if,17,words,1,1,,,was 18
1788741452,3b58f34,e1df4dcc,cw:c20_deep,45,words,1,1,,,was 46
1788741452,3b58f34,e1df4dcc,cw:c43_arena_persist,131,words,1,1,,,was 130
1788741452,3b58f34,e1df4dcc,cw:c46_andor,89,words,1,1,,,was 93
1788741452,3b58f34,e1df4dcc,cw:c57_flags,25,words,1,1,,,was 26
1788741452,3b58f34,e1df4dcc,cw:c70_csel,32,words,1,1,,,first
1788741452,3b58f34,e1df4dcc,cw:c71_csel_impure,44,words,1,1,,,first
1788741453,3b58f34,e1df4dcc,fuzz_seeds_on_bin,0,seeds,1,1,,,TG-DONE 8: 0 on e1df4dcc; total 45600 over 7 bins
1788741453,3b58f34,e1df4dcc,fuzz_rate,0.0,prog/s,1,1,,,"median over the bin's batches (LITTLE cores, nice)"
1788741453,3b58f34,e1df4dcc,fuzz_trap_unpredicted,0,count,1,1,,,"TRAP-80/81/82 total; 81 by design, 82 is fuzz_trap82 (ALERT)"
1788741453,3b58f34,e1df4dcc,fuzz_trap82,0,count,1,1,,,"D12-C: SIGSEGV/SIGBUS, 0 tolerated, repros in $REPROS"
1788741499,3b58f34,e1df4dcc,bin_words,37687,words,1,1,,,bytes 152584
1788741499,3b58f34,e1df4dcc,stub_words,131,words,1,1,,,
1788741499,3b58f34,e1df4dcc,bin_fns,262,fns,1,1,,,
1788741499,3b58f34,e1df4dcc,push_words,0,words,1,1,,,register model: 0 = stack machine fully retired
1788741529,3b58f34,e1df4dcc,battery_flakes,0,count,1,1,,,FAILs that passed standalone (timing-flag gates under load)
1788741529,3b58f34,e1df4dcc,gate_run_ms,0,ms,1,1,,,"sum of non-memo gate runs (0 runs, 100 memo hits)"
1788741634,3b58f34,e1df4dcc,bin_words,37687,words,1,1,,,bytes 152584
1788741634,3b58f34,e1df4dcc,stub_words,131,words,1,1,,,
1788741634,3b58f34,e1df4dcc,bin_fns,262,fns,1,1,,,
1788741634,3b58f34,e1df4dcc,push_words,0,words,1,1,,,register model: 0 = stack machine fully retired
1788741856,3b58f34,e1df4dcc,selfcompile_wall,38478.4806,ms,5,0,0.0,36800,base e1df4dcc 2.997e+04
1788741856,3b58f34,e1df4dcc,selfcompile_utime,25.2774,s,5,0,0.0,36800,base e1df4dcc 25.2
1788741856,3b58f34,e1df4dcc,selfcompile_stime,0.0316,s,5,0,0.0,36800,base e1df4dcc 0.03405
1788741856,3b58f34,e1df4dcc,selfcompile_maxrss,21812,kB,5,0,0.0,36800,base e1df4dcc 2.18e+04
1788741856,3b58f34,e1df4dcc,selfcompile_energy,31.8925,core-s@fmax (proxy),5,0,0.0,36800,base e1df4dcc 31.81
1788741869,3b58f34,e1df4dcc,k1h_ms,1.26,ms/rep,11,0,0.0,36200,p95 1.290 
1788741869,3b58f34,e1df4dcc,k1h_loopwords,5,words,1,1,,,
1788741869,3b58f34,e1df4dcc,k2h_ms,0.85,ms/rep,11,0,0.0,36200,p95 0.890 
1788741869,3b58f34,e1df4dcc,k2h_loopwords,51,words,1,1,,,
1788741870,3b58f34,e1df4dcc,k3h_ms,0.33,ms/rep,11,0,0.0,36200,p95 0.390 
1788741870,3b58f34,e1df4dcc,k3h_loopwords,8,words,1,1,,,
1788741870,3b58f34,e1df4dcc,k4_ms,4.42,ms/rep,11,0,0.0,36200,p95 4.490 
1788741870,3b58f34,e1df4dcc,k4_loopwords,7,words,1,1,,,
1788741870,3b58f34,e1df4dcc,k8h_ms,0.16,ms/rep,11,0,0.0,36200,p95 0.170 
1788741870,3b58f34,e1df4dcc,k8h_loopwords,22,words,1,1,,,
1788742476,3b58f34,4c53832d,battery_flakes,0,count,1,1,,,FAILs that passed standalone (timing-flag gates under load)
1788742477,3b58f34,4c53832d,gate_run_ms,0,ms,1,1,,,"sum of non-memo gate runs (0 runs, 100 memo hits)"
1788742553,3b58f34,4c53832d,bin_words,37693,words,1,1,,,bytes 152608
1788742553,3b58f34,4c53832d,stub_words,131,words,1,1,,,
1788742553,3b58f34,4c53832d,bin_fns,262,fns,1,1,,,
1788742553,3b58f34,4c53832d,push_words,0,words,1,1,,,register model: 0 = stack machine fully retired
1788742563,3b58f34,4c53832d,chain_wall,130,s,1,1,,,"chain + battery, CG=0"
1788742564,3b58f34,4c53832d,chain_cpu,86.945,s,1,1,,,children utime+stime of chain.sh
1788742565,3b58f34,4c53832d,bin_words,37693,words,1,1,,,bytes 152608
1788742565,3b58f34,4c53832d,stub_words,131,words,1,1,,,
1788742565,3b58f34,4c53832d,bin_fns,262,fns,1,1,,,
1788742565,3b58f34,4c53832d,push_words,0,words,1,1,,,register model: 0 = stack machine fully retired
1788742565,3b58f34,4c53832d,fuzz_seeds_on_bin,0,seeds,1,1,,,TG-DONE 8: 0 on 4c53832d; total 45600 over 7 bins
1788742565,3b58f34,4c53832d,fuzz_rate,0.0,prog/s,1,1,,,"median over the bin's batches (LITTLE cores, nice)"
1788742565,3b58f34,4c53832d,fuzz_trap_unpredicted,0,count,1,1,,,"TRAP-80/81/82 total; 81 by design, 82 is fuzz_trap82 (ALERT)"
1788742566,3b58f34,4c53832d,fuzz_trap82,0,count,1,1,,,"D12-C: SIGSEGV/SIGBUS, 0 tolerated, repros in $REPROS"
1788742729,3b58f34,4c53832d,selfcompile_wall,1693.768,ms,5,0,0.0,35500,base e1df4dcc 2.534e+04
1788742729,3b58f34,4c53832d,selfcompile_utime,1.6158,s,5,0,0.0,35500,base e1df4dcc 25.16
1788742729,3b58f34,4c53832d,selfcompile_stime,0.0395,s,5,0,0.0,35500,base e1df4dcc 0.04345
1788742729,3b58f34,4c53832d,selfcompile_maxrss,21728,kB,5,0,0.0,35500,base e1df4dcc 2.182e+04
1788742729,3b58f34,4c53832d,selfcompile_energy,1.5802,core-s@fmax (proxy),5,0,0.0,35500,base e1df4dcc 24.08
1788742754,3b58f34,4c53832d,k1h_ms,1.26,ms/rep,11,0,0.0,34500,p95 1.310 base e1df4dcc 1.21/1.28 loop 5
1788742754,3b58f34,4c53832d,k1h_loopwords,5,words,1,1,,,base e1df4dcc 1.21/1.28 loop 5
1788742754,3b58f34,4c53832d,k2h_ms,0.83,ms/rep,11,0,0.0,34500,p95 0.920 base e1df4dcc 0.87/0.92 loop 51
1788742755,3b58f34,4c53832d,k2h_loopwords,51,words,1,1,,,base e1df4dcc 0.87/0.92 loop 51
1788742755,3b58f34,4c53832d,k3h_ms,0.35,ms/rep,11,0,0.0,34500,p95 0.410 base e1df4dcc 0.37/0.39 loop 8
1788742755,3b58f34,4c53832d,k3h_loopwords,8,words,1,1,,,base e1df4dcc 0.37/0.39 loop 8
1788742755,3b58f34,4c53832d,k4_ms,4.4,ms/rep,11,0,0.0,34500,p95 4.480 base e1df4dcc 4.39/4.46 loop 7
1788742755,3b58f34,4c53832d,k4_loopwords,7,words,1,1,,,base e1df4dcc 4.39/4.46 loop 7
1788742755,3b58f34,4c53832d,k8h_ms,0.16,ms/rep,11,0,0.0,34500,p95 0.170 base e1df4dcc 0.16/0.17 loop 22
1788742756,3b58f34,4c53832d,k8h_loopwords,22,words,1,1,,,base e1df4dcc 0.16/0.17 loop 22
1788742845,3b58f34,4c53832d,bin_words,37693,words,1,1,,,bytes 152608
1788742845,3b58f34,4c53832d,stub_words,131,words,1,1,,,
1788742845,3b58f34,4c53832d,bin_fns,262,fns,1,1,,,
1788742845,3b58f34,4c53832d,push_words,0,words,1,1,,,register model: 0 = stack machine fully retired
1788742845,3b58f34,4c53832d,fuzz_seeds_on_bin,0,seeds,1,1,,,TG-DONE 8: 0 on 4c53832d; total 45600 over 7 bins
1788742845,3b58f34,4c53832d,fuzz_rate,0.0,prog/s,1,1,,,"median over the bin's batches (LITTLE cores, nice)"
1788742846,3b58f34,4c53832d,fuzz_trap_unpredicted,0,count,1,1,,,"TRAP-80/81/82 total; 81 by design, 82 is fuzz_trap82 (ALERT)"
1788742846,3b58f34,4c53832d,fuzz_trap82,0,count,1,1,,,"D12-C: SIGSEGV/SIGBUS, 0 tolerated, repros in $REPROS"
1788742867,3b58f34,4c53832d,selfcompile_wall,1694.5454,ms,5,0,0.0,35800,base f20535be 1642
1788742867,3b58f34,4c53832d,selfcompile_utime,1.6145,s,5,0,0.0,35800,base f20535be 1.57
1788742867,3b58f34,4c53832d,selfcompile_stime,0.0394,s,5,0,0.0,35800,base f20535be 0.03556
1788742867,3b58f34,4c53832d,selfcompile_maxrss,21728,kB,5,0,0.0,35800,base f20535be 2.157e+04
1788742867,3b58f34,4c53832d,selfcompile_energy,1.5976,core-s@fmax (proxy),5,0,0.0,35800,base f20535be 1.55
1788742891,3b58f34,4c53832d,k1h_ms,1.19,ms/rep,11,0,0.0,38200,p95 1.300 base f20535be 1.22/1.30 loop 5
1788742891,3b58f34,4c53832d,k1h_loopwords,5,words,1,1,,,base f20535be 1.22/1.30 loop 5
1788742891,3b58f34,4c53832d,k2h_ms,0.82,ms/rep,11,0,0.0,38200,p95 0.920 base f20535be 0.87/0.90 loop 51
1788742891,3b58f34,4c53832d,k2h_loopwords,51,words,1,1,,,base f20535be 0.87/0.90 loop 51
1788742892,3b58f34,4c53832d,k3h_ms,0.34,ms/rep,11,0,0.0,38200,p95 0.430 base f20535be 0.35/0.39 loop 8
1788742892,3b58f34,4c53832d,k3h_loopwords,8,words,1,1,,,base f20535be 0.35/0.39 loop 8
1788742892,3b58f34,4c53832d,k4_ms,4.33,ms/rep,11,0,0.0,38200,p95 4.490 base f20535be 4.39/4.49 loop 7
1788742892,3b58f34,4c53832d,k4_loopwords,7,words,1,1,,,base f20535be 4.39/4.49 loop 7
1788742892,3b58f34,4c53832d,k8h_ms,0.16,ms/rep,11,0,0.0,38200,p95 0.170 base f20535be 0.34/0.39 loop 25
1788742892,3b58f34,4c53832d,k8h_loopwords,22,words,1,1,,,base f20535be 0.34/0.39 loop 25
1788744840,71eaeed,33ce624c,battery_flakes,0,count,1,1,,,FAILs that passed standalone (timing-flag gates under load)
1788744841,71eaeed,33ce624c,gate_run_ms,2863,ms,1,1,,,"sum of non-memo gate runs (14 runs, 84 memo hits)"
1788744899,71eaeed,33ce624c,bin_words,38806,words,1,1,,,bytes 157060
1788744900,71eaeed,33ce624c,stub_words,131,words,1,1,,,
1788744900,71eaeed,33ce624c,bin_fns,268,fns,1,1,,,
1788744900,71eaeed,33ce624c,push_words,0,words,1,1,,,register model: 0 = stack machine fully retired
1788745114,71eaeed,a81f8798,battery_flakes,0,count,1,1,,,FAILs that passed standalone (timing-flag gates under load)
1788745115,71eaeed,a81f8798,gate_run_ms,451,ms,1,1,,,"sum of non-memo gate runs (2 runs, 98 memo hits)"
1788745187,71eaeed,a81f8798,bin_words,38842,words,1,1,,,bytes 157204
1788745187,71eaeed,a81f8798,stub_words,131,words,1,1,,,
1788745187,71eaeed,a81f8798,bin_fns,268,fns,1,1,,,
1788745187,71eaeed,a81f8798,push_words,0,words,1,1,,,register model: 0 = stack machine fully retired
1788745238,71eaeed,4c53832d,bin_words,37693,words,1,1,,,bytes 152608
1788745238,71eaeed,4c53832d,stub_words,131,words,1,1,,,
1788745239,71eaeed,4c53832d,bin_fns,262,fns,1,1,,,
1788745239,71eaeed,4c53832d,push_words,0,words,1,1,,,register model: 0 = stack machine fully retired
1788745288,71eaeed,a81f8798,bin_words,38842,words,1,1,,,bytes 157204
1788745288,71eaeed,a81f8798,stub_words,131,words,1,1,,,
1788745288,71eaeed,a81f8798,bin_fns,268,fns,1,1,,,
1788745289,71eaeed,a81f8798,push_words,0,words,1,1,,,register model: 0 = stack machine fully retired
1788745388,71eaeed,a81f8798,bin_words,38842,words,1,1,,,bytes 157204
1788745388,71eaeed,a81f8798,stub_words,131,words,1,1,,,
1788745388,71eaeed,a81f8798,bin_fns,268,fns,1,1,,,
1788745388,71eaeed,a81f8798,push_words,0,words,1,1,,,register model: 0 = stack machine fully retired
1788745466,71eaeed,a81f8798,battery_flakes,0,count,1,1,,,FAILs that passed standalone (timing-flag gates under load)
1788745467,71eaeed,a81f8798,gate_run_ms,0,ms,1,1,,,"sum of non-memo gate runs (0 runs, 100 memo hits)"
1788745540,71eaeed,a81f8798,bin_words,38842,words,1,1,,,bytes 157204
1788745540,71eaeed,a81f8798,stub_words,131,words,1,1,,,
1788745540,71eaeed,a81f8798,bin_fns,268,fns,1,1,,,
1788745540,71eaeed,a81f8798,push_words,0,words,1,1,,,register model: 0 = stack machine fully retired
1788745550,71eaeed,a81f8798,chain_wall,108,s,1,1,,,"chain + battery, CG=1"
1788745551,71eaeed,a81f8798,chain_cpu,63.393,s,1,1,,,children utime+stime of chain.sh
1788745552,71eaeed,a81f8798,bin_words,38842,words,1,1,,,bytes 157204
1788745552,71eaeed,a81f8798,stub_words,131,words,1,1,,,
1788745552,71eaeed,a81f8798,bin_fns,268,fns,1,1,,,
1788745552,71eaeed,a81f8798,push_words,0,words,1,1,,,register model: 0 = stack machine fully retired
1788745552,71eaeed,a81f8798,fuzz_seeds_on_bin,0,seeds,1,1,,,TG-DONE 8: 0 on a81f8798; total 45600 over 7 bins
1788745552,71eaeed,a81f8798,fuzz_rate,0.0,prog/s,1,1,,,"median over the bin's batches (LITTLE cores, nice)"
1788745552,71eaeed,a81f8798,fuzz_trap_unpredicted,0,count,1,1,,,"TRAP-80/81/82 total; 81 by design, 82 is fuzz_trap82 (ALERT)"
1788745553,71eaeed,a81f8798,fuzz_trap82,0,count,1,1,,,"D12-C: SIGSEGV/SIGBUS, 0 tolerated, repros in $REPROS"
1788745576,71eaeed,a81f8798,selfcompile_wall,1923.9404,ms,5,0,0.0,33100,base 4c53832d 1853
1788745576,71eaeed,a81f8798,selfcompile_utime,1.8534,s,5,0,0.0,33100,base 4c53832d 1.776
1788745577,71eaeed,a81f8798,selfcompile_stime,0.0355,s,5,0,0.0,33100,base 4c53832d 0.03573
1788745577,71eaeed,a81f8798,selfcompile_maxrss,21936,kB,5,0,0.0,33100,base 4c53832d 2.186e+04
1788745577,71eaeed,a81f8798,selfcompile_energy,1.8235,core-s@fmax (proxy),5,0,0.0,33100,base 4c53832d 1.751
1788745633,71eaeed,a81f8798,bin_words,38842,words,1,1,,,bytes 157204
1788745633,71eaeed,a81f8798,stub_words,131,words,1,1,,,
1788745634,71eaeed,a81f8798,bin_fns,268,fns,1,1,,,
1788745634,71eaeed,a81f8798,push_words,0,words,1,1,,,register model: 0 = stack machine fully retired
1788745634,71eaeed,a81f8798,fuzz_seeds_on_bin,0,seeds,1,1,,,TG-DONE 8: 0 on a81f8798; total 45600 over 7 bins
1788745634,71eaeed,a81f8798,fuzz_rate,0.0,prog/s,1,1,,,"median over the bin's batches (LITTLE cores, nice)"
1788745634,71eaeed,a81f8798,fuzz_trap_unpredicted,0,count,1,1,,,"TRAP-80/81/82 total; 81 by design, 82 is fuzz_trap82 (ALERT)"
1788745634,71eaeed,a81f8798,fuzz_trap82,0,count,1,1,,,"D12-C: SIGSEGV/SIGBUS, 0 tolerated, repros in $REPROS"
1788745658,71eaeed,a81f8798,selfcompile_wall,1934.5545,ms,5,0,0.0,33100,base 4c53832d 1857
1788745658,71eaeed,a81f8798,selfcompile_utime,1.8602,s,5,0,0.0,33100,base 4c53832d 1.779
1788745658,71eaeed,a81f8798,selfcompile_stime,0.0357,s,5,0,0.0,33100,base 4c53832d 0.03952
1788745658,71eaeed,a81f8798,selfcompile_maxrss,21952,kB,5,0,0.0,33100,base 4c53832d 2.186e+04
1788745659,71eaeed,a81f8798,selfcompile_energy,1.8241,core-s@fmax (proxy),5,0,0.0,33100,base 4c53832d 1.752
1788745936,71eaeed,9694b780,battery_flakes,0,count,1,1,,,FAILs that passed standalone (timing-flag gates under load)
1788745937,71eaeed,9694b780,gate_run_ms,0,ms,1,1,,,"sum of non-memo gate runs (0 runs, 100 memo hits)"
1788746009,71eaeed,9694b780,bin_words,38975,words,1,1,,,bytes 157736
1788746009,71eaeed,9694b780,stub_words,131,words,1,1,,,
1788746009,71eaeed,9694b780,bin_fns,268,fns,1,1,,,
1788746009,71eaeed,9694b780,push_words,0,words,1,1,,,register model: 0 = stack machine fully retired
1788746064,71eaeed,9694b780,bin_words,38975,words,1,1,,,bytes 157736
1788746064,71eaeed,9694b780,stub_words,131,words,1,1,,,
1788746064,71eaeed,9694b780,bin_fns,268,fns,1,1,,,
1788746064,71eaeed,9694b780,push_words,0,words,1,1,,,register model: 0 = stack machine fully retired
1788746117,71eaeed,9694b780,bin_words,38975,words,1,1,,,bytes 157736
1788746117,71eaeed,9694b780,stub_words,131,words,1,1,,,
1788746118,71eaeed,9694b780,bin_fns,268,fns,1,1,,,
1788746118,71eaeed,9694b780,push_words,0,words,1,1,,,register model: 0 = stack machine fully retired
1788746155,71eaeed,9694b780,battery_flakes,0,count,1,1,,,FAILs that passed standalone (timing-flag gates under load)
1788746156,71eaeed,9694b780,gate_run_ms,0,ms,1,1,,,"sum of non-memo gate runs (0 runs, 100 memo hits)"
1788746229,71eaeed,9694b780,bin_words,38975,words,1,1,,,bytes 157736
1788746229,71eaeed,9694b780,stub_words,131,words,1,1,,,
1788746229,71eaeed,9694b780,bin_fns,268,fns,1,1,,,
1788746229,71eaeed,9694b780,push_words,0,words,1,1,,,register model: 0 = stack machine fully retired
1788746239,71eaeed,9694b780,chain_wall,108,s,1,1,,,"chain + battery, CG=1"
1788746240,71eaeed,9694b780,chain_cpu,62.797,s,1,1,,,children utime+stime of chain.sh
1788746240,71eaeed,9694b780,bin_words,38975,words,1,1,,,bytes 157736
1788746240,71eaeed,9694b780,stub_words,131,words,1,1,,,
1788746241,71eaeed,9694b780,bin_fns,268,fns,1,1,,,
1788746241,71eaeed,9694b780,push_words,0,words,1,1,,,register model: 0 = stack machine fully retired
1788746241,71eaeed,9694b780,cw:c72_hoist,40,words,1,1,,,first
1788746241,71eaeed,9694b780,fuzz_seeds_on_bin,0,seeds,1,1,,,TG-DONE 8: 0 on 9694b780; total 45600 over 7 bins
1788746241,71eaeed,9694b780,fuzz_rate,0.0,prog/s,1,1,,,"median over the bin's batches (LITTLE cores, nice)"
1788746241,71eaeed,9694b780,fuzz_trap_unpredicted,0,count,1,1,,,"TRAP-80/81/82 total; 81 by design, 82 is fuzz_trap82 (ALERT)"
1788746241,71eaeed,9694b780,fuzz_trap82,0,count,1,1,,,"D12-C: SIGSEGV/SIGBUS, 0 tolerated, repros in $REPROS"
1788746265,71eaeed,9694b780,selfcompile_wall,1932.9039,ms,5,0,0.0,33100,base 4c53832d 1868
1788746265,71eaeed,9694b780,selfcompile_utime,1.8521,s,5,0,0.0,33100,base 4c53832d 1.799
1788746265,71eaeed,9694b780,selfcompile_stime,0.0315,s,5,0,0.0,33100,base 4c53832d 0.03168
1788746266,71eaeed,9694b780,selfcompile_maxrss,21952,kB,5,0,0.0,33100,base 4c53832d 2.195e+04
1788746266,71eaeed,9694b780,selfcompile_energy,1.8243,core-s@fmax (proxy),5,0,0.0,33100,base 4c53832d 1.767
1788746289,71eaeed,9694b780,k1h_ms,1.25,ms/rep,11,0,0.0,33100,p95 1.290 base 4c53832d 1.22/1.27 loop 5
1788746289,71eaeed,9694b780,k1h_loopwords,5,words,1,1,,,base 4c53832d 1.22/1.27 loop 5
1788746290,71eaeed,9694b780,k2h_ms,0.86,ms/rep,11,0,0.0,33100,p95 0.900 base 4c53832d 0.79/0.91 loop 51
1788746290,71eaeed,9694b780,k2h_loopwords,51,words,1,1,,,base 4c53832d 0.79/0.91 loop 51
1788746290,71eaeed,9694b780,k3h_ms,0.37,ms/rep,11,0,0.0,33100,p95 0.430 base 4c53832d 0.36/0.40 loop 8
1788746290,71eaeed,9694b780,k3h_loopwords,8,words,1,1,,,base 4c53832d 0.36/0.40 loop 8
1788746290,71eaeed,9694b780,k4_ms,4.41,ms/rep,11,0,0.0,33100,p95 4.500 base 4c53832d 4.43/4.50 loop 7
1788746290,71eaeed,9694b780,k4_loopwords,7,words,1,1,,,base 4c53832d 4.43/4.50 loop 7
1788746291,71eaeed,9694b780,k8h_ms,0.14,ms/rep,11,0,0.0,33100,p95 0.140 base 4c53832d 0.16/0.17 loop 22
1788746291,71eaeed,9694b780,k8h_loopwords,14,words,1,1,,,base 4c53832d 0.16/0.17 loop 22
1788746332,71eaeed,9694b780,bin_words,38975,words,1,1,,,bytes 157736
1788746332,71eaeed,9694b780,stub_words,131,words,1,1,,,
1788746332,71eaeed,9694b780,bin_fns,268,fns,1,1,,,
1788746332,71eaeed,9694b780,push_words,0,words,1,1,,,register model: 0 = stack machine fully retired
1788746333,71eaeed,9694b780,fuzz_seeds_on_bin,0,seeds,1,1,,,TG-DONE 8: 0 on 9694b780; total 45600 over 7 bins
1788746333,71eaeed,9694b780,fuzz_rate,0.0,prog/s,1,1,,,"median over the bin's batches (LITTLE cores, nice)"
1788746333,71eaeed,9694b780,fuzz_trap_unpredicted,0,count,1,1,,,"TRAP-80/81/82 total; 81 by design, 82 is fuzz_trap82 (ALERT)"
1788746333,71eaeed,9694b780,fuzz_trap82,0,count,1,1,,,"D12-C: SIGSEGV/SIGBUS, 0 tolerated, repros in $REPROS"
1788746357,71eaeed,9694b780,selfcompile_wall,1935.81,ms,5,0,0.0,33800,base 4c53832d 1874
1788746357,71eaeed,9694b780,selfcompile_utime,1.8599,s,5,0,0.0,33800,base 4c53832d 1.791
1788746357,71eaeed,9694b780,selfcompile_stime,0.0356,s,5,0,0.0,33800,base 4c53832d 0.03957
1788746357,71eaeed,9694b780,selfcompile_maxrss,21952,kB,5,0,0.0,33800,base 4c53832d 2.186e+04
1788746357,71eaeed,9694b780,selfcompile_energy,1.8254,core-s@fmax (proxy),5,0,0.0,33800,base 4c53832d 1.766
1788746381,71eaeed,9694b780,k1h_ms,1.24,ms/rep,11,0,0.0,31400,p95 1.310 base 4c53832d 1.20/1.30 loop 5
1788746381,71eaeed,9694b780,k1h_loopwords,5,words,1,1,,,base 4c53832d 1.20/1.30 loop 5
1788746381,71eaeed,9694b780,k2h_ms,0.81,ms/rep,11,0,0.0,31400,p95 0.900 base 4c53832d 0.85/0.89 loop 51
1788746381,71eaeed,9694b780,k2h_loopwords,51,words,1,1,,,base 4c53832d 0.85/0.89 loop 51
1788746382,71eaeed,9694b780,k3h_ms,0.29,ms/rep,11,0,0.0,31400,p95 0.390 base 4c53832d 0.34/0.40 loop 8
1788746382,71eaeed,9694b780,k3h_loopwords,8,words,1,1,,,base 4c53832d 0.34/0.40 loop 8
1788746382,71eaeed,9694b780,k4_ms,4.4,ms/rep,11,0,0.0,31400,p95 4.510 base 4c53832d 4.35/4.47 loop 7
1788746382,71eaeed,9694b780,k4_loopwords,7,words,1,1,,,base 4c53832d 4.35/4.47 loop 7
1788746382,71eaeed,9694b780,k8h_ms,0.11,ms/rep,11,0,0.0,31400,p95 0.140 base 4c53832d 0.16/0.17 loop 22
1788746382,71eaeed,9694b780,k8h_loopwords,14,words,1,1,,,base 4c53832d 0.16/0.17 loop 22
1788746439,71eaeed,9694b780,bin_words,38975,words,1,1,,,bytes 157736
1788746439,71eaeed,9694b780,stub_words,131,words,1,1,,,
1788746439,71eaeed,9694b780,bin_fns,268,fns,1,1,,,
1788746439,71eaeed,9694b780,push_words,0,words,1,1,,,register model: 0 = stack machine fully retired
1788746466,71eaeed,9694b780,battery_flakes,0,count,1,1,,,FAILs that passed standalone (timing-flag gates under load)
1788746467,71eaeed,9694b780,gate_run_ms,0,ms,1,1,,,"sum of non-memo gate runs (0 runs, 200 memo hits)"
1788746534,71eaeed,9694b780,bin_words,38975,words,1,1,,,bytes 157736
1788746535,71eaeed,9694b780,stub_words,131,words,1,1,,,
1788746535,71eaeed,9694b780,bin_fns,268,fns,1,1,,,
1788746535,71eaeed,9694b780,push_words,0,words,1,1,,,register model: 0 = stack machine fully retired
1788759818,ebf2429,9694b780,sgraph2_build_ms,17542,ms,1,1,,,L1 + empty log/L0/bitmap
1788759819,ebf2429,9694b780,sgraph2_bfs_ns,116,ns,1,1,,,"per edge slot, queue BFS before the log (3 sources)"
1788759820,ebf2429,9694b780,sgraph2_log_ns,13445,ns,1,1,,,amortized per inserted edge through the log (max stall 231 ms)
1788759820,ebf2429,9694b780,sgraph2_compact_ms,452,ms,1,1,,,
1788762486,248ad81,e9159318,battery_flakes,0,count,1,1,,,FAILs that passed standalone (timing-flag gates under load)
1788762486,248ad81,e9159318,gate_run_ms,3557,ms,1,1,,,"sum of non-memo gate runs (18 runs, 101 memo hits)"
1788762609,248ad81,e9159318,bin_words,39325,words,1,1,,,bytes 159136
1788762609,248ad81,e9159318,stub_words,131,words,1,1,,,
1788762609,248ad81,e9159318,bin_fns,270,fns,1,1,,,
1788762610,248ad81,e9159318,push_words,0,words,1,1,,,register model: 0 = stack machine fully retired
1788762801,248ad81,e9159318,battery_flakes,0,count,1,1,,,FAILs that passed standalone (timing-flag gates under load)
1788762802,248ad81,e9159318,gate_run_ms,3557,ms,1,1,,,"sum of non-memo gate runs (18 runs, 220 memo hits)"
1788762919,248ad81,e9159318,bin_words,39325,words,1,1,,,bytes 159136
1788762919,248ad81,e9159318,stub_words,131,words,1,1,,,
1788762919,248ad81,e9159318,bin_fns,270,fns,1,1,,,
1788762919,248ad81,e9159318,push_words,0,words,1,1,,,register model: 0 = stack machine fully retired
1788764706,248ad81,e9159318,bin_words,39325,words,1,1,,,bytes 159136
1788764706,248ad81,e9159318,stub_words,131,words,1,1,,,
1788764706,248ad81,e9159318,bin_fns,270,fns,1,1,,,
1788764706,248ad81,e9159318,push_words,0,words,1,1,,,register model: 0 = stack machine fully retired
1788764742,248ad81,e9159318,bin_words,39325,words,1,1,,,bytes 159136
1788764742,248ad81,e9159318,stub_words,131,words,1,1,,,
1788764742,248ad81,e9159318,bin_fns,270,fns,1,1,,,
1788764742,248ad81,e9159318,push_words,0,words,1,1,,,register model: 0 = stack machine fully retired
1788764781,248ad81,e9159318,bin_words,39325,words,1,1,,,bytes 159136
1788764781,248ad81,e9159318,stub_words,131,words,1,1,,,
1788764781,248ad81,e9159318,bin_fns,270,fns,1,1,,,
1788764782,248ad81,e9159318,push_words,0,words,1,1,,,register model: 0 = stack machine fully retired
1788764910,248ad81,e9159318,battery_flakes,0,count,1,1,,,FAILs that passed standalone (timing-flag gates under load)
1788764911,248ad81,e9159318,gate_run_ms,3647,ms,1,1,,,"sum of non-memo gate runs (18 runs, 101 memo hits)"
1788764989,248ad81,e9159318,bin_words,39325,words,1,1,,,bytes 159136
1788764989,248ad81,e9159318,stub_words,131,words,1,1,,,
1788764989,248ad81,e9159318,bin_fns,270,fns,1,1,,,
1788764989,248ad81,e9159318,push_words,0,words,1,1,,,register model: 0 = stack machine fully retired
