# Frozen pre-jump sweep (SPEC-BEBOP-DAG-RUNTIME §10.2 item 2; AGENTS L13). Every program of the 389-file sweep
# (selfhost/*, selfhost/*/*, bench/vs_rust/std_tests, bench/parity_constructs, .../neg) compiled by the promoted
# pre-jump bebop.bin b4a0f41b at commit 838ad73b with `seed bebop.bin compile <src> <out>`. Only the hashes are
# committed (the 370 binaries are 93 MB); regenerate them from 838ad73b + compilers cache b4a0f41b. The jump's
# `dagfull --sweep` must reproduce every sha256 below, and the same rc for the 19 that do not compile (17 neg/
# constructs by design; selfhost/attic/ec_driver.bp is a driver tools/ddc.sh builds together with expr_compile.bp;
# std_tests/qplan_cover.bp is refused standalone with E93 call-arity at 34:25 and is referenced by no gate).
# dag-pre-838ad73b: compiled by bebop.bin b4a0f41b8c22b72c43c46a19fcc043fb (md5) at 2026-09-29T00:05:43Z
# path	rc	bytes	sha256
selfhost/compile.bp	0	1128	aae6b1e27d858a8254c329b84c10735d62782107b9a35291620483c7e82e683d
selfhost/tcheck.bp	0	105476	7d9b1a6c29c061d2f0973d07bfc024078acb793091da9db6037f45e1859e0d45
selfhost/tcheck_kernel.bp	0	11932	e56412934ad3930c965df304900cde19803ed4e1696656ca9a7f35905e68ebfe
selfhost/tkernel.bp	0	17856	3eda3fdac106dc66ed4c4d1d7921f9d3fc4a20048bcf93729178fe97b41d743b
selfhost/attic/ec_driver.bp	84	0	-
selfhost/attic/expr_compile.bp	0	74364	f1b48046c37cb7fb4b089310f5c3dcf1548644965bf4a8fb816d525da51a1b54
selfhost/prelude/bits.bp	0	1792	d3d899dd87c06d1034176ee62dce89825c9011b59852d695cef2029e0ec4a28f
selfhost/prelude/fp.bp	0	1268	dc3445d991d65ef902f79801889454ae0b8ac6b398673b7921b00cd34124ddfb
selfhost/prelude/gb.bp	0	42080	36e26c6f8211ce376736c10f2c28fd540323d7c7e113b17ecd2bcc46db572dcf
selfhost/prelude/hash.bp	0	820	706dfdb94c9fb86d47e21aac66a1642396b1bc4e691993ee3bd42fe514ccc722
selfhost/prelude/nodekey.bp	0	4692	149a41023780626dccd904122347ce66630e9742879c631344bb9a8090dbe0d3
selfhost/prelude/rng.bp	0	776	d866cc292a8cab983f1e23078466fdbb7058dfabc15c8c91e1a2487297d0f66e
selfhost/prelude/sha256.bp	0	3836	4bdd9a3698bcebda2a68b3d4c85bc99e2a4eb7f52f746eee08287c7791546f5e
selfhost/prelude/store.bp	0	20556	d8aed574e75f799d85cc57f131a4854a7612a4e6079ed2d0eaf81237336e340d
selfhost/std/attn.bp	0	1544	470810cbed2a565bd06d7d9ac5e9ac2e496b1c38e021a054257ec67d38b76edc
selfhost/std/attnt.bp	0	1652	9065e2081f44fed525d53f5722f4b5978bb5614728faa0c4df4145dd9aae060c
selfhost/std/base64.bp	0	2256	ab75fa9c192366f7681197d47c64ec8b13ca7ae5598ad32e08e06ab068db1e41
selfhost/std/bitmat.bp	0	1076	608c1a960551dff4206fb15e9eac9cd5da061e6882616680e5be5d848af69924
selfhost/std/bitset.bp	0	1412	eece3f79c5388a79fce4621910133ba3762a542563a515e5b2439d757ab50add
selfhost/std/bt.bp	0	3216	e4d9200ff5136a0d90fe804546302416284866a1b0fc6dd1e4f453fd70d7cd88
selfhost/std/c70_qdsl.bp	0	19580	6d357251a1e62391c70abe5ded8511296acc3e9c816c7cd0668cf1ce86c65508
selfhost/std/c70_qdsl_neg.bp	0	18880	2ac8d1334745fb359fd15aafe712f72a0c8f00ff5001440d48f70fd7102816c3
selfhost/std/cache.bp	0	10952	35ab257e2cb436aad683fc15088202ecc11f9ba5e0539b15172ed2cef5d4dc41
selfhost/std/calcbound.bp	0	1876	7e822278e046193f65d2d11d6d41b8fbed6c8d14040a91b22ebfc9bbb4e50fad
selfhost/std/checksum.bp	0	976	d07d8f2adbb8e53a774e733d7c4675a5747a46b9c22d0d1ed9f5da70c225be30
selfhost/std/cl41.bp	0	4964	c9ac484f4683c79f14b0b658c09b5629e2c36f4b75590489979a8d25166baea1
selfhost/std/crc.bp	0	1476	c9c738057bce61126f41f477b251555982ac19d5066cdd0cde7a733af3b4e090
selfhost/std/csheaf.bp	0	5212	c50883e5285e3ec10743cc4bd4a86ac711f25a9de091ef461393cd3f64d74373
selfhost/std/csr.bp	0	6364	c9085f85981ac6e5cd450ab2d116da5b66d5ce5cd7ff396ae6979b13f2fd9b30
selfhost/std/deltasync.bp	0	2120	d00fc777b651566218195cb27f4ba2c6f28456abaa622b5b0686ba95f971eca8
selfhost/std/dispatcher.bp	0	4272	4a9c023e0a5ff06b104cb30a9bfbd98e6987ca5ce5c3ded546d515f1021220bc
selfhost/std/dp.bp	0	1084	4633c873f3a65bb089eef1f4208639c20d959c7227a2aca7e44f2f7bb618efff
selfhost/std/dpll.bp	0	5184	fc57a9c8046d7ec352b83e3f337c95883119416ea5314a404ebd57690a11b116
selfhost/std/drift.bp	0	11844	88411cd6e4133963b46027624993f17d14cf90241f7793d4db025e5cadbec420
selfhost/std/entcol.bp	0	1812	a7e330ac6f5d4125c413c75aa9e5371a21138ef49ac0ecc5a3cf96711f2422d6
selfhost/std/fiber.bp	0	1092	dfc064fc16264adf4d9f220c136ae975ae0c9fe546a5928b2a55635a63ad06d3
selfhost/std/fir.bp	0	2256	77efa7292c5ffe62fa19e05795fe1e7c0f72b72742d575f13f8ba979bf9ef356
selfhost/std/fno.bp	0	5920	9eb7c6151bda8e96df1ddbf50c1affa1e0f845b16eacbd767a4853e08afbc4e1
selfhost/std/foldx.bp	0	944	bf388713e45eb542dac99cf620871b49f14eb6a1e7bd15cb0f532423e1cfc128
selfhost/std/gb_compile1.bp	0	85344	5d3310b53c8bba3f0a818ccb150d107267faa77e87e346e21a15f0314398b752
selfhost/std/gb_run.bp	0	12964	b77b0f1b2d7f99abf9c4d1e190dfa4e34cf7f1a15371199b3618e512d346a45f
selfhost/std/gen_dec.bp	0	5632	d9a63d0f70323568648fa8c34b5dc81a67f82bc300f82d3238b43f5a7d62e91c
selfhost/std/gen_gb.bp	0	67156	708602877973c06fd8e18e47a279eaef5465d4aaad9e693fd3e47c580bcdd0c1
selfhost/std/genarena.bp	0	1104	58b6fa914d5fb8cd29d3e2ddcbc713d45c41ab20405b52ec84b28b9316f2352a
selfhost/std/grass.bp	0	3940	84ac34c65a58fe5ab004c1328141cf598800e835628068865ecd40a8551c5311
selfhost/std/haar.bp	0	1668	82e3c08c6b2256714d89b821fc900f2e8cb01fb60bd171386a9dc3dd1908bae7
selfhost/std/hex.bp	0	1472	0913c63a62de6c903bd2fcf97c675e8e42ee576f63ed2ade4ffe2e3fc83d9549
selfhost/std/holo.bp	0	8104	aa7ce96508a84ae266d563cfc61582c1da3b15941701ccfb4bf7bce3404fdfdf
selfhost/std/hv.bp	0	4012	343bdb4937f7f67c8e24911c73211fe4c4def02de4b8ad098c50a55021ab87c5
selfhost/std/kalman.bp	0	1856	c0a1ce4e974c01c1ec5d903a6f31a210736a8d54566d37f92b5a68cdab2b2d89
selfhost/std/kv.bp	0	26528	c81ce40513f186123e923d0a8dbde99c2de7d83fa0ca2e70ad28bf976e1d5503
selfhost/std/lcjit.bp	0	2124	be88c4bc26585b301525f6bf208e69b1b59df7019b0700526ff4a4f132c3a022
selfhost/std/lcres.bp	0	2016	03e35c4ce63528164f1625107af7a9c96d6b4aa8df4eb29693fd2cc2b7ebe49b
selfhost/std/lod.bp	0	2716	8e16f5351e8bc45802d8215af3f60c18ccf62f1cd322a74480eedde2b846dd80
selfhost/std/lsm.bp	0	5944	9b1230d1f26498e341a3e07efe851d7317a83422e9e7e93c379de4568a0c3dcc
selfhost/std/lsys.bp	0	1460	75ee963e0236dfb5e5a628c3fc6b9a7e4951aea74f27122d4b9347d029f6a785
selfhost/std/mma.bp	0	1100	55942dae640eddc7ea278f95ebbb27e78965d25c20e8270b5b9696263b374858
selfhost/std/modular.bp	0	1824	4656c14cf6bcdfc8e756b4b58d1a0e383cdf9bd21e3a28786d7ea2639975eb69
selfhost/std/money.bp	0	7740	40988efece824b75be7b470bce628c126f42bf1b0fa0e7ee0a70ea9713b47291
selfhost/std/morph.bp	0	2100	defbf3e0eaff60aae482f0d99c02c9c8fa20e1e96acfda32acd1989f2feb7bb5
selfhost/std/msuper.bp	0	7552	8ff08705a2d5c4f92021c1724228d0df6cc3741771a95a70f06dd9264bf57c55
selfhost/std/mutlsys.bp	0	2912	2e5590c028133884ccd3c1dcbe1860002239dca92dbae93c6190b2ab41368c2f
selfhost/std/mvcc.bp	0	5004	3dab3254ca7bb06c373ed20e3bf98949efd67cc309bfd8347313f1e231d16785
selfhost/std/ntt.bp	0	4384	9e7b396b40df4c7f4dc90b475af210c7ad1d91bd7eea334cf48e77b8fb0aaf36
selfhost/std/ordfsm.bp	0	5320	54ae582cb034a35711422e6cb9af7761cb20e799ed5d323c4bd6e12475c4fa6b
selfhost/std/petri.bp	0	2812	48749f8e221e1253126ac928fcd08120ec1aab7977087354492821904d38641c
selfhost/std/phant.bp	0	2156	d7f5e1cc0fb8d4b0a2fa5f30f8280f6cab9cb859043b3f2d6c560a6713f079ed
selfhost/std/pieblock.bp	0	1452	daa31ba71637d493fafe1c5b006cd8c7347795ed7fb8f337f25354fe1eb5ee74
selfhost/std/pool.bp	0	2796	6b636b9596307af04ca0533329c3f14bb90d23dee434f44947ac7f1403a00107
selfhost/std/pool_compile.bp	0	1768	a376c13b8ae1cd9f6d6cf9e0f5217f02dfb421609ee17e189e63a0f82432dc06
selfhost/std/ptrless.bp	0	1972	cb677ab01dbdd10006977e7c571ff9fc761b06594994c30ca2910b72656a682a
selfhost/std/qdsl.bp	0	18808	d18416f394c9d969a758d5b7675f8db57b976623dd35343880453e3ebfac3e76
selfhost/std/qlora.bp	0	2992	1f0a4a405b46b67b65d4a1cbbdeae4fd7a71302b3edb44f03f03ef74b3fcf79c
selfhost/std/qplan.bp	0	45128	625002b8af73f013805a52822cca690dccf63bd79a5cbb7bd5e58ba6d94f0fe6
selfhost/std/r3x.bp	0	1576	2487b3ddada88d290d7d53f61f13c3e3a4760fce970ee326c51d2cb369991c6b
selfhost/std/rev.bp	0	2644	59f5356cb78533f4a0b106d297340e53eb604214cb4a15e79db28bc95ae38462
selfhost/std/rewrite.bp	0	12332	403eaaea24d2cd97c6b091561cc80dff4d2b59c0916db89d0cbe8d994f8d8f82
selfhost/std/ringvsa.bp	0	3152	20a16b84c383b0676e6b9da2902f0ebf1dcdbd8ba7b1d93e04afae54530dd61b
selfhost/std/rle.bp	0	2312	734717f76a676c4a76884a254be12da5c43f0b0e1126a78cafb463e015e935b9
selfhost/std/rng.bp	0	1236	3e3b8414d84bcf43c1703ead0cf849982f3fd2e5833cea4874449774016164c2
selfhost/std/rns.bp	0	2020	3056d9f9dffcbfba6feb778ac37a6b91b5bd7bc112d2a25baa06a87009bbe785
selfhost/std/rnsrot.bp	0	3312	ea4ea47d412664e751919bba417a00c3d59fe3e05a8c9abbb0dc2edfbde4361c
selfhost/std/sbench.bp	0	31856	46698d440b9ad7adece5368c2d8767f973fbdb86f606f2206049b9e5d21bb67d
selfhost/std/scompact.bp	0	25772	ec87da014ce8e0d4ef1c4b004bd4b2363d9d135cb785e04366dbbd4b5b7cf18d
selfhost/std/sconc.bp	0	28464	07a06db0a9a5f6ea7a109a0e93f2007701ecf8a7e7bee0cf25037b35ce258931
selfhost/std/scoord.bp	0	9992	b7c609942148ea6240cc850619d2e90607b60c33718b02a1cc1bb911a717d12b
selfhost/std/scrash.bp	0	25080	cc08d85aed905e89a693a0ef688e1c786dcc2a80885c1fdf97b203ed3f813d29
selfhost/std/sdiag.bp	0	9092	f0138b88cadf2f88addbb2dfbbf6eede70e0a6e71646083ac28b9577aba7d4f4
selfhost/std/search.bp	0	1624	730ea541e4574a3be6e1b7ed88985880b7fdd1e999dadb520dcc9a422b29d209
selfhost/std/seigtime.bp	0	5008	e4d505dbc0380e520a4dfbb4a42b639b6616212e4ef9ded0b4a1ab05cedb3259
selfhost/std/set.bp	0	3616	945a25eb9e124690135492cc42ae86abedf57cacf5d718866cf7bc1378215f76
selfhost/std/sevolve.bp	0	27532	827287752e70c1190dd5fc4fb7c83fb81abdbe86443defbc9d99f034808997cf
selfhost/std/sgamma.bp	0	8332	5c189eef3f22618e239cd5393d55c6c4833c61a970c54a926640ca008c7221b4
selfhost/std/sgraph.bp	0	28028	c818fcc1e4b34e6d59000c87017f202937ec95cb3fdd62ef2313fdb567e1ce57
selfhost/std/sgraph2.bp	0	51988	e8245e70d7238b527cb3164cf723b7771bb18b07fd3f6c9fde84e53b1e035d1a
selfhost/std/sha256.bp	0	3936	3a92a00ca332392e665cefa7f0e86a9c4bf3d9d813f40d1e8961bbd67daf4de6
selfhost/std/sheaf.bp	0	4328	5dfb861a468fb5d80746f0fa37aaf58e259970dd1f59417051b105477e0a241f
selfhost/std/sheafh0.bp	0	6508	14f8a6082aa2566692c4b62924d4189517792e9200a3cce75f62ff56601539a2
selfhost/std/sinc.bp	0	1972	b770e6342b548f487d4701c93078753f75b4bd043240bae4f6a5a71ec6eb9bdd
selfhost/std/slayout.bp	0	25592	35bd090a095ba03d8ace63de90d64c220ce83fcf3a8bfcf0256bd521a02b3eff
selfhost/std/snn.bp	0	2512	baab6cbce50f141815ee8dc9127c49fe16aa9e9cf51bcef7f795b780b15cfd0d
selfhost/std/sort.bp	0	1808	195897a637ffb8480bcb361c35ab54cbff59e7e00932b200b29b5d697a3858c5
selfhost/std/spacetime.bp	0	2672	8a6de5469686d85bc7b49ef82d27b481c3bd0644378b49bbd02e351f0d987663
selfhost/std/spectral.bp	0	10132	6e3929ec03a348a4beedf9627a7d47198fd58a6376372faaab9dd4aab9cbef63
selfhost/std/spike.bp	0	2044	754b5e71a67b4142b81c3c39d83dc1e1bb1d3d783a2f2983b4e2ce8a743e0c85
selfhost/std/srepl.bp	0	7812	9bb2b94f27dd2fd1c9a10e618a0592fbbd15a2a51f60a3ce1d4ff431736a993c
selfhost/std/sround.bp	0	25072	b43648826c3359b1dabe446e87db1000033447df9f80cc4710e00aba39ea793d
selfhost/std/stm.bp	0	4832	6ceaf65c0cde63c481984b6a8f34cc7f31c6646d74e3407167e60b7e82ee6214
selfhost/std/store.bp	0	5472	7bfbbcf6bf15dc0df371fb9114ac6503ab83b118969897a7e6afb34932ba95d7
selfhost/std/stride.bp	0	1128	ad0709e0e9ff4be96f6dcbaa74b67295c83636342d114d8b3860cb96ba775a64
selfhost/std/substrate.bp	0	3624	e16a0624d85f0f4aeb4f2d5c6fef352a8b0aa87220be798fafdc5a9bbe714e4d
selfhost/std/swpmu.bp	0	1216	946229506e600bae3b3a726b696efbc99c35c2fb75b12db24c52f30d96af07ff
selfhost/std/tb.bp	0	7616	c484a5c67815959348da865fd0cff04de08051bda1dea991808443366b14b7b2
selfhost/std/tdg.bp	0	3632	717042f04b1b278e8cd6f76b61351f64ac971b8f6667e93112ea132d741ac883
selfhost/std/tdgcurv.bp	0	4628	0fa1cbbb7535f9f16c65d1a0c35d3d852a123a8993e5b94a21374f2b3f1df06c
selfhost/std/tdgforms.bp	0	3952	fe7bdb9cb77326473de9bfca1c26eb835839fd92603b5155c0f535cb591686f2
selfhost/std/tdggeo.bp	0	5068	d742e436ae36ddeb6737d3f4bf1d1007dba55c807d25b9e3230d719b51f32dc4
selfhost/std/tdgstokes.bp	0	2904	37e1fad61ca12a89927e10a84f15a22f085e679af14f731b2e0eb0e92bb4d4ac
selfhost/std/tern.bp	0	2164	7008ce615b999e7f6f72dcb0a4400d4bd0e956c4dfbaa41028347f8696bbe517
selfhost/std/thr.bp	0	1736	30f54828ec6cc68d0a7a22faec5941a01e8c41b9731bc4e76f0a962a2f52ebec
selfhost/std/tq.bp	0	4560	5400cece3dff0703a129f096eabb100eef4bccce776ad5f002a85d4a3035a519
selfhost/std/usemod.bp	0	1972	f9e60cb65d519e94cebabf1f837a01371eb6efff462055e8e6313c58fd1e2021
selfhost/std/vecinv.bp	0	2264	14f38ab0aec791d53ee07850be2f216bb08db15fa9d82fe1580ca961af3d125b
selfhost/std/whileb.bp	0	1136	3c1800aa6f54589805d6f4213924163faf23f62dfd3cfa2419dc60bbb119f63e
selfhost/std/wht.bp	0	1788	d2ad46c017217bf7b22caa5d82d95efcb629132e2312bfbe90ef5b962b3c5c16
selfhost/std/wlog.bp	0	59932	0393a215f1e0bbbf46ecb841bc055062a9e0a51d354aa3d90d6b5261b6c14bbd
selfhost/std/zgrade.bp	0	3672	4f6756f204cfe0b0ba8cedab930935c4a321df69f0cd729f5d05156ce4407ede
selfhost/tools/gbpool.bp	0	88508	70574a649e5318614fd52bd3375494023b0f4ce4b6f8462595f4202fda031d19
bench/vs_rust/std_tests/arena_map_modes.bp	0	26796	a6ece548371d590732c46b8893bc9a5d947f636fdd40dc48a2fcc87d8da2d3fa
bench/vs_rust/std_tests/attn.bp	0	1544	470810cbed2a565bd06d7d9ac5e9ac2e496b1c38e021a054257ec67d38b76edc
bench/vs_rust/std_tests/attnt.bp	0	1652	9065e2081f44fed525d53f5722f4b5978bb5614728faa0c4df4145dd9aae060c
bench/vs_rust/std_tests/b6core.bp	0	4476	36083c63838572be9e2d9e25cafb597bdf963c58aa1b01c390d5e3ec63a17ce3
bench/vs_rust/std_tests/base64.bp	0	2256	ab75fa9c192366f7681197d47c64ec8b13ca7ae5598ad32e08e06ab068db1e41
bench/vs_rust/std_tests/bitmat.bp	0	1076	608c1a960551dff4206fb15e9eac9cd5da061e6882616680e5be5d848af69924
bench/vs_rust/std_tests/bitset.bp	0	1412	eece3f79c5388a79fce4621910133ba3762a542563a515e5b2439d757ab50add
bench/vs_rust/std_tests/bt.bp	0	3216	e4d9200ff5136a0d90fe804546302416284866a1b0fc6dd1e4f453fd70d7cd88
bench/vs_rust/std_tests/cache.bp	0	10952	35ab257e2cb436aad683fc15088202ecc11f9ba5e0539b15172ed2cef5d4dc41
bench/vs_rust/std_tests/calcbound.bp	0	1876	7e822278e046193f65d2d11d6d41b8fbed6c8d14040a91b22ebfc9bbb4e50fad
bench/vs_rust/std_tests/checksum.bp	0	976	d07d8f2adbb8e53a774e733d7c4675a5747a46b9c22d0d1ed9f5da70c225be30
bench/vs_rust/std_tests/cl41.bp	0	4964	c9ac484f4683c79f14b0b658c09b5629e2c36f4b75590489979a8d25166baea1
bench/vs_rust/std_tests/crc.bp	0	1476	c9c738057bce61126f41f477b251555982ac19d5066cdd0cde7a733af3b4e090
bench/vs_rust/std_tests/csheaf.bp	0	5212	c50883e5285e3ec10743cc4bd4a86ac711f25a9de091ef461393cd3f64d74373
bench/vs_rust/std_tests/csr.bp	0	6364	c9085f85981ac6e5cd450ab2d116da5b66d5ce5cd7ff396ae6979b13f2fd9b30
bench/vs_rust/std_tests/csr_build_plain.bp	0	26808	2dba29aaa834cf4fe499e612ece3e5ec35e65be732a7fe5e7a4891d105e9cec4
bench/vs_rust/std_tests/csr_build_profile.bp	0	27992	6c9760210dd5dfd6feaebc81a728fc16e72bc03c9665b5f56b8829079c0add11
bench/vs_rust/std_tests/csr_build_ram.bp	0	28472	4c69f4fa392310e71fbbd997da8f686ed3a0caa2f4c21f64aadbf4656bd969a2
bench/vs_rust/std_tests/csr_part_scatter.bp	0	27632	36720480b31b32d2c3b78b68162db343191f48a5e19c6b769458026386f5dbfe
bench/vs_rust/std_tests/csr_radix.bp	0	28324	af30cabde159eed970822f59dca45014218be76a019429b073e56d8bbca975d1
bench/vs_rust/std_tests/csr_radix_par.bp	0	29756	f2cec08543d61172c56d52dbb195caa04a2417161896000a3e3b8c46593ec61b
bench/vs_rust/std_tests/deltasync.bp	0	2120	d00fc777b651566218195cb27f4ba2c6f28456abaa622b5b0686ba95f971eca8
bench/vs_rust/std_tests/dispatcher.bp	0	4272	4a9c023e0a5ff06b104cb30a9bfbd98e6987ca5ce5c3ded546d515f1021220bc
bench/vs_rust/std_tests/dp.bp	0	1084	4633c873f3a65bb089eef1f4208639c20d959c7227a2aca7e44f2f7bb618efff
bench/vs_rust/std_tests/dpll.bp	0	5184	fc57a9c8046d7ec352b83e3f337c95883119416ea5314a404ebd57690a11b116
bench/vs_rust/std_tests/drift.bp	0	11844	88411cd6e4133963b46027624993f17d14cf90241f7793d4db025e5cadbec420
bench/vs_rust/std_tests/entcol.bp	0	1812	a7e330ac6f5d4125c413c75aa9e5371a21138ef49ac0ecc5a3cf96711f2422d6
bench/vs_rust/std_tests/fiber.bp	0	1092	dfc064fc16264adf4d9f220c136ae975ae0c9fe546a5928b2a55635a63ad06d3
bench/vs_rust/std_tests/fir.bp	0	2256	77efa7292c5ffe62fa19e05795fe1e7c0f72b72742d575f13f8ba979bf9ef356
bench/vs_rust/std_tests/fno.bp	0	5920	9eb7c6151bda8e96df1ddbf50c1affa1e0f845b16eacbd767a4853e08afbc4e1
bench/vs_rust/std_tests/foldx.bp	0	944	bf388713e45eb542dac99cf620871b49f14eb6a1e7bd15cb0f532423e1cfc128
bench/vs_rust/std_tests/gb_bfs.bp	0	69468	7c8ba2504f769cec0d021785b1c1741b44876d44fd74e4a1eb129a4bb041f288
bench/vs_rust/std_tests/gb_bfs_gen.bp	0	68696	610804ac0e608083066e61ec3a2b4e8514cccf8fdc0a0ef61d5d309d8c064ffb
bench/vs_rust/std_tests/gb_bfs_gen_addr.bp	0	67228	df648502fc8dfe0ab22c3f5cc20fba6d61b6f4b37e0acfe7b3dee44deb3f5d06
bench/vs_rust/std_tests/gb_bfs_gen_addr_gate.bp	0	46264	9db571ffeb6d266a23ed7ab087e2fc5e9b3523c5876943474d73ee1f25902b41
bench/vs_rust/std_tests/gb_cc.bp	0	43936	09ea3538badaf70b5582c80494c802bab5f66a07820b5626110dc3ef45ab390c
bench/vs_rust/std_tests/gb_gen.bp	0	72928	e2277248cc2effdcab83a03470f380fe2fd1cbef7029de6b1295b49cc2be9cd1
bench/vs_rust/std_tests/gb_mbfs_big.bp	0	44188	9e48924b2ecc791e43745c863ecdd43b5525f7d95e327ab23e1fe87df6d75b26
bench/vs_rust/std_tests/gb_mbfs_gen.bp	0	68988	459eeb29d31bc139fa7c1065afd166e359e317a500b5ec1def2ee72735499760
bench/vs_rust/std_tests/gb_orphan_cover.bp	0	44116	b7de9aefa1d3841afbd5c3832f20c9ca626dc4a88b5df179606d3d257f89ee09
bench/vs_rust/std_tests/gb_pool.bp	0	95284	da1640078b225dd93793ef039bb1744ef9f5e3c05e6e97f0082d70c03d6d347a
bench/vs_rust/std_tests/gb_pool_abi.bp	0	82012	a1390dbfbfbd124b085725edcde7c2079b453e941185c20144ee88f1d280b3fa
bench/vs_rust/std_tests/gb_pr.bp	0	43908	ce4b42f39b3640d9cf876c9c3c41514c2858fff108c38d642b7e4fb2608f2a3d
bench/vs_rust/std_tests/gb_roundtrip.bp	0	43780	77d95472c144e11089a302f86d0ce53d0c619fc18f50838d6c61e7901d473e51
bench/vs_rust/std_tests/gb_sssp.bp	0	43808	958fb6792790cc64fd8f5be76515b3222b5f76f4796975f6fa9172a8385d12c4
bench/vs_rust/std_tests/gb_tc.bp	0	44104	500955ebe35a249d1425fa878a94f2905e485acd4b444f30cb4e7cfa0fc34533
bench/vs_rust/std_tests/genarena.bp	0	1104	58b6fa914d5fb8cd29d3e2ddcbc713d45c41ab20405b52ec84b28b9316f2352a
bench/vs_rust/std_tests/grass.bp	0	3940	84ac34c65a58fe5ab004c1328141cf598800e835628068865ecd40a8551c5311
bench/vs_rust/std_tests/haar.bp	0	1668	82e3c08c6b2256714d89b821fc900f2e8cb01fb60bd171386a9dc3dd1908bae7
bench/vs_rust/std_tests/hex.bp	0	1472	0913c63a62de6c903bd2fcf97c675e8e42ee576f63ed2ade4ffe2e3fc83d9549
bench/vs_rust/std_tests/holo.bp	0	8104	aa7ce96508a84ae266d563cfc61582c1da3b15941701ccfb4bf7bce3404fdfdf
bench/vs_rust/std_tests/hv.bp	0	4012	343bdb4937f7f67c8e24911c73211fe4c4def02de4b8ad098c50a55021ab87c5
bench/vs_rust/std_tests/ingest_test.bp	0	1492	0164f1c29ef24b3fe32dc787658931bf776606c968cbee9a8bd334dfb77155d5
bench/vs_rust/std_tests/join_twin.bp	0	3700	bfe65e1b60256fdec58cdc744484ef369c8ecb643b096e5473ad71b46fcb544a
bench/vs_rust/std_tests/join_twin_grouped.bp	0	4548	54094eeb23d68347d9862b0068f3957974e8d7572efeb6241aae3697f3a414b2
bench/vs_rust/std_tests/kalman.bp	0	1856	c0a1ce4e974c01c1ec5d903a6f31a210736a8d54566d37f92b5a68cdab2b2d89
bench/vs_rust/std_tests/lcjit.bp	0	2124	be88c4bc26585b301525f6bf208e69b1b59df7019b0700526ff4a4f132c3a022
bench/vs_rust/std_tests/lcres.bp	0	2016	03e35c4ce63528164f1625107af7a9c96d6b4aa8df4eb29693fd2cc2b7ebe49b
bench/vs_rust/std_tests/lod.bp	0	2716	8e16f5351e8bc45802d8215af3f60c18ccf62f1cd322a74480eedde2b846dd80
bench/vs_rust/std_tests/lsm.bp	0	5944	9b1230d1f26498e341a3e07efe851d7317a83422e9e7e93c379de4568a0c3dcc
bench/vs_rust/std_tests/lsys.bp	0	1460	75ee963e0236dfb5e5a628c3fc6b9a7e4951aea74f27122d4b9347d029f6a785
bench/vs_rust/std_tests/mma.bp	0	1100	55942dae640eddc7ea278f95ebbb27e78965d25c20e8270b5b9696263b374858
bench/vs_rust/std_tests/modular.bp	0	1824	4656c14cf6bcdfc8e756b4b58d1a0e383cdf9bd21e3a28786d7ea2639975eb69
bench/vs_rust/std_tests/money.bp	0	7740	40988efece824b75be7b470bce628c126f42bf1b0fa0e7ee0a70ea9713b47291
bench/vs_rust/std_tests/morph.bp	0	2100	defbf3e0eaff60aae482f0d99c02c9c8fa20e1e96acfda32acd1989f2feb7bb5
bench/vs_rust/std_tests/msuper.bp	0	7552	8ff08705a2d5c4f92021c1724228d0df6cc3741771a95a70f06dd9264bf57c55
bench/vs_rust/std_tests/mutlsys.bp	0	2912	2e5590c028133884ccd3c1dcbe1860002239dca92dbae93c6190b2ab41368c2f
bench/vs_rust/std_tests/mvcc.bp	0	5004	3dab3254ca7bb06c373ed20e3bf98949efd67cc309bfd8347313f1e231d16785
bench/vs_rust/std_tests/nodekey.bp	0	6780	178db34824b189a14b27821dcbecb47e1da958c8e071f1896d35bcc61fdc9bf2
bench/vs_rust/std_tests/ntt.bp	0	4384	9e7b396b40df4c7f4dc90b475af210c7ad1d91bd7eea334cf48e77b8fb0aaf36
bench/vs_rust/std_tests/ordfsm.bp	0	5320	54ae582cb034a35711422e6cb9af7761cb20e799ed5d323c4bd6e12475c4fa6b
bench/vs_rust/std_tests/petri.bp	0	2812	48749f8e221e1253126ac928fcd08120ec1aab7977087354492821904d38641c
bench/vs_rust/std_tests/phant.bp	0	2156	d7f5e1cc0fb8d4b0a2fa5f30f8280f6cab9cb859043b3f2d6c560a6713f079ed
bench/vs_rust/std_tests/pieblock.bp	0	1452	daa31ba71637d493fafe1c5b006cd8c7347795ed7fb8f337f25354fe1eb5ee74
bench/vs_rust/std_tests/ptrless.bp	0	1972	cb677ab01dbdd10006977e7c571ff9fc761b06594994c30ca2910b72656a682a
bench/vs_rust/std_tests/qlora.bp	0	2992	1f0a4a405b46b67b65d4a1cbbdeae4fd7a71302b3edb44f03f03ef74b3fcf79c
bench/vs_rust/std_tests/qplan_cover.bp	93	0	-
bench/vs_rust/std_tests/r3x.bp	0	1576	2487b3ddada88d290d7d53f61f13c3e3a4760fce970ee326c51d2cb369991c6b
bench/vs_rust/std_tests/rev.bp	0	2644	59f5356cb78533f4a0b106d297340e53eb604214cb4a15e79db28bc95ae38462
bench/vs_rust/std_tests/rewrite.bp	0	12332	403eaaea24d2cd97c6b091561cc80dff4d2b59c0916db89d0cbe8d994f8d8f82
bench/vs_rust/std_tests/ringvsa.bp	0	3152	20a16b84c383b0676e6b9da2902f0ebf1dcdbd8ba7b1d93e04afae54530dd61b
bench/vs_rust/std_tests/rle.bp	0	2312	734717f76a676c4a76884a254be12da5c43f0b0e1126a78cafb463e015e935b9
bench/vs_rust/std_tests/rng.bp	0	1236	3e3b8414d84bcf43c1703ead0cf849982f3fd2e5833cea4874449774016164c2
bench/vs_rust/std_tests/rns.bp	0	2020	3056d9f9dffcbfba6feb778ac37a6b91b5bd7bc112d2a25baa06a87009bbe785
bench/vs_rust/std_tests/rnsrot.bp	0	3312	ea4ea47d412664e751919bba417a00c3d59fe3e05a8c9abbb0dc2edfbde4361c
bench/vs_rust/std_tests/sbench.bp	0	31864	2a496d6f7f4a944fbe466b8deb2e1356815e3341ce7d9fc8e4b2697ac91d6f01
bench/vs_rust/std_tests/schain.bp	0	27796	0cef507b81984ce089904853b2b49874a4c3601e6a5b4fd4b6af3cdad455b9aa
bench/vs_rust/std_tests/scolp.bp	0	29272	549ebc6f189631e4cb65b4ba9b29c1a0d116a9d73e3f092ad0adbb4a9b221d88
bench/vs_rust/std_tests/scompact.bp	0	25772	ec87da014ce8e0d4ef1c4b004bd4b2363d9d135cb785e04366dbbd4b5b7cf18d
bench/vs_rust/std_tests/sconc.bp	0	28464	07a06db0a9a5f6ea7a109a0e93f2007701ecf8a7e7bee0cf25037b35ce258931
bench/vs_rust/std_tests/scoord.bp	0	9992	b7c609942148ea6240cc850619d2e90607b60c33718b02a1cc1bb911a717d12b
bench/vs_rust/std_tests/scrash.bp	0	25080	cc08d85aed905e89a693a0ef688e1c786dcc2a80885c1fdf97b203ed3f813d29
bench/vs_rust/std_tests/scrash_small.bp	0	25940	baed4c9ff3a631bf6e3b91aec428c090ff036200b81a846ebc7de0c892bdf046
bench/vs_rust/std_tests/sdiag.bp	0	9092	f0138b88cadf2f88addbb2dfbbf6eede70e0a6e71646083ac28b9577aba7d4f4
bench/vs_rust/std_tests/search.bp	0	1624	730ea541e4574a3be6e1b7ed88985880b7fdd1e999dadb520dcc9a422b29d209
bench/vs_rust/std_tests/segtail.bp	0	31440	d39844d9fcc8964e878ea65d85146b1a909b7385350b5f91e4bffc1e83e163ba
bench/vs_rust/std_tests/seigtime.bp	0	5008	e4d505dbc0380e520a4dfbb4a42b639b6616212e4ef9ded0b4a1ab05cedb3259
bench/vs_rust/std_tests/set.bp	0	3616	945a25eb9e124690135492cc42ae86abedf57cacf5d718866cf7bc1378215f76
bench/vs_rust/std_tests/sevolve.bp	0	27532	827287752e70c1190dd5fc4fb7c83fb81abdbe86443defbc9d99f034808997cf
bench/vs_rust/std_tests/sgamma.bp	0	8332	5c189eef3f22618e239cd5393d55c6c4833c61a970c54a926640ca008c7221b4
bench/vs_rust/std_tests/sgraph.bp	0	28028	c818fcc1e4b34e6d59000c87017f202937ec95cb3fdd62ef2313fdb567e1ce57
bench/vs_rust/std_tests/sgraph2.bp	0	51988	e8245e70d7238b527cb3164cf723b7771bb18b07fd3f6c9fde84e53b1e035d1a
bench/vs_rust/std_tests/sha256.bp	0	3936	3a92a00ca332392e665cefa7f0e86a9c4bf3d9d813f40d1e8961bbd67daf4de6
bench/vs_rust/std_tests/sheaf.bp	0	4328	5dfb861a468fb5d80746f0fa37aaf58e259970dd1f59417051b105477e0a241f
bench/vs_rust/std_tests/sheafh0.bp	0	6508	14f8a6082aa2566692c4b62924d4189517792e9200a3cce75f62ff56601539a2
bench/vs_rust/std_tests/sinc.bp	0	1972	b770e6342b548f487d4701c93078753f75b4bd043240bae4f6a5a71ec6eb9bdd
bench/vs_rust/std_tests/slayout.bp	0	25592	35bd090a095ba03d8ace63de90d64c220ce83fcf3a8bfcf0256bd521a02b3eff
bench/vs_rust/std_tests/smw.bp	0	28404	ec77eef3579a867283a6792937414284e1ad1fb9019a00a54173318b1eb48a3f
bench/vs_rust/std_tests/snn.bp	0	2512	baab6cbce50f141815ee8dc9127c49fe16aa9e9cf51bcef7f795b780b15cfd0d
bench/vs_rust/std_tests/sort.bp	0	1808	195897a637ffb8480bcb361c35ab54cbff59e7e00932b200b29b5d697a3858c5
bench/vs_rust/std_tests/spacetime.bp	0	2672	8a6de5469686d85bc7b49ef82d27b481c3bd0644378b49bbd02e351f0d987663
bench/vs_rust/std_tests/spectral.bp	0	10132	6e3929ec03a348a4beedf9627a7d47198fd58a6376372faaab9dd4aab9cbef63
bench/vs_rust/std_tests/spike.bp	0	2044	754b5e71a67b4142b81c3c39d83dc1e1bb1d3d783a2f2983b4e2ce8a743e0c85
bench/vs_rust/std_tests/srepl.bp	0	7812	9bb2b94f27dd2fd1c9a10e618a0592fbbd15a2a51f60a3ce1d4ff431736a993c
bench/vs_rust/std_tests/sround.bp	0	25072	b43648826c3359b1dabe446e87db1000033447df9f80cc4710e00aba39ea793d
bench/vs_rust/std_tests/stm.bp	0	4832	6ceaf65c0cde63c481984b6a8f34cc7f31c6646d74e3407167e60b7e82ee6214
bench/vs_rust/std_tests/store.bp	0	5472	7bfbbcf6bf15dc0df371fb9114ac6503ab83b118969897a7e6afb34932ba95d7
bench/vs_rust/std_tests/stride.bp	0	1128	ad0709e0e9ff4be96f6dcbaa74b67295c83636342d114d8b3860cb96ba775a64
bench/vs_rust/std_tests/substrate.bp	0	3624	e16a0624d85f0f4aeb4f2d5c6fef352a8b0aa87220be798fafdc5a9bbe714e4d
bench/vs_rust/std_tests/svrf.bp	0	24580	63495ad30bb2e64ff93b9b9df7b19f1cf081ed5d421cda9984694872909377ad
bench/vs_rust/std_tests/swpmu.bp	0	1216	946229506e600bae3b3a726b696efbc99c35c2fb75b12db24c52f30d96af07ff
bench/vs_rust/std_tests/tb.bp	0	7616	c484a5c67815959348da865fd0cff04de08051bda1dea991808443366b14b7b2
bench/vs_rust/std_tests/tdg.bp	0	3632	717042f04b1b278e8cd6f76b61351f64ac971b8f6667e93112ea132d741ac883
bench/vs_rust/std_tests/tdgcurv.bp	0	4628	0fa1cbbb7535f9f16c65d1a0c35d3d852a123a8993e5b94a21374f2b3f1df06c
bench/vs_rust/std_tests/tdgforms.bp	0	3952	fe7bdb9cb77326473de9bfca1c26eb835839fd92603b5155c0f535cb591686f2
bench/vs_rust/std_tests/tdggeo.bp	0	5068	d742e436ae36ddeb6737d3f4bf1d1007dba55c807d25b9e3230d719b51f32dc4
bench/vs_rust/std_tests/tdgstokes.bp	0	2904	37e1fad61ca12a89927e10a84f15a22f085e679af14f731b2e0eb0e92bb4d4ac
bench/vs_rust/std_tests/tern.bp	0	2164	7008ce615b999e7f6f72dcb0a4400d4bd0e956c4dfbaa41028347f8696bbe517
bench/vs_rust/std_tests/thr.bp	0	1736	30f54828ec6cc68d0a7a22faec5941a01e8c41b9731bc4e76f0a962a2f52ebec
bench/vs_rust/std_tests/tpch_q1_gen.bp	0	68656	96e955d8e9ea915c934671892d5396ea049086629990164c22a24268acb90f62
bench/vs_rust/std_tests/tpch_q6_gate.bp	0	2088	8c97affc786876f3127146f1ef75bb1dad8f3a28b8de731a820741141ce3b539
bench/vs_rust/std_tests/tpch_q6_gen.bp	0	24728	9873f631b66e940750cc56634492f56117f16a4b2355e8deae7873843846092b
bench/vs_rust/std_tests/tpch_small_store.bp	0	25552	96f1f1fcf1620a8d5e853675231fc459530d6bc35f112f0bc5d0a8a4fe02e584
bench/vs_rust/std_tests/tq.bp	0	4560	5400cece3dff0703a129f096eabb100eef4bccce776ad5f002a85d4a3035a519
bench/vs_rust/std_tests/usemod.bp	0	1972	f9e60cb65d519e94cebabf1f837a01371eb6efff462055e8e6313c58fd1e2021
bench/vs_rust/std_tests/vecinv.bp	0	2264	14f38ab0aec791d53ee07850be2f216bb08db15fa9d82fe1580ca961af3d125b
bench/vs_rust/std_tests/whileb.bp	0	1136	3c1800aa6f54589805d6f4213924163faf23f62dfd3cfa2419dc60bbb119f63e
bench/vs_rust/std_tests/wht.bp	0	1788	d2ad46c017217bf7b22caa5d82d95efcb629132e2312bfbe90ef5b962b3c5c16
bench/vs_rust/std_tests/zgrade.bp	0	3672	4f6756f204cfe0b0ba8cedab930935c4a321df69f0cd729f5d05156ce4407ede
bench/parity_constructs/c01_lit.bp	0	732	01db6d1c0fc5d9decc7ebbab109d4adfef4794e0569c2db693a153be17daac7a
bench/parity_constructs/c02_arith.bp	0	724	5b7a7d6cec4c212b4fda4ae3b6e7df0d7babfccdbee3aff78ffcdbb4625428e2
bench/parity_constructs/c03_precedence.bp	0	724	10609727dc0017aa7e5dde2d1b56ad871015e7e880d20a798818e088789d7eb4
bench/parity_constructs/c04_cmp.bp	0	860	20dceb51cafa636fceaf3cf5f1377f8dcd774c4c6eb6398ce4ee51ae7ac79ef3
bench/parity_constructs/c05_if.bp	0	764	2e40401ac8001cbebf1e135538c67807e48543df41f7f2eea5dc4e4240bd8f91
bench/parity_constructs/c06_let.bp	0	748	bcf5411e58a453170fefa2dfbcacb1b39dc8a60d8905fc792b1cbf9421c23d1d
bench/parity_constructs/c07_while.bp	0	764	6efdb0820939665cbc3447e71284a005e09eb01839876719940fbf94ce10fcb7
bench/parity_constructs/c08_call.bp	0	796	315c0e37145697a2e3b44767423f3cf61811dc0e8ddd7bb6eba7d0a170812356
bench/parity_constructs/c09_recursion.bp	0	800	20c2245c98bbc8341dc12ea345e9b006b820015e91996034713065d4373875fc
bench/parity_constructs/c10_struct.bp	0	856	991382f20a86e2f96e7dd646a233409aec1bcb10d613ff1f1a63a8a3cb405be1
bench/parity_constructs/c110_fence.bp	0	876	cd5d6cc2132be6811a9b1540b2fbd34d0631d5b62dcc5395e9fee60ae12bcabd
bench/parity_constructs/c111_kernelfn.bp	0	816	096d79194617138f3db50f4ea1a25a39f33accead14530353ed2411580a39ca3
bench/parity_constructs/c11_enum.bp	0	724	f3ca777ffa849fd79ebaeeaff08892e66a497a0d5632b62d4e91a13806023622
bench/parity_constructs/c121_boundsok.bp	0	1396	02c15dd0449665531593a98311b5c250bc7a683daab8855436f6a7b0100c82fb
bench/parity_constructs/c122_manyfns.bp	0	21568	74143c3e5eec253e17f706188576f8056200e6128d93783dd9a85063cb187a09
bench/parity_constructs/c123_capfns.bp	0	30968	7416a0b02808e45454a7c5a87b257c9bff5051aad74b0db901366df8a54d4883
bench/parity_constructs/c124_condreturn.bp	0	1016	f2613477818fda5246a4fd4caf8cf97544beba14394578fd408dcf31f195e57f
bench/parity_constructs/c12_match.bp	0	736	2caa1f0a796516db8c14513f960621b0f0dde9608cf4e506848aaf520b5ba3f2
bench/parity_constructs/c133_testblock.bp	0	724	4cf27259ef995824321af838f1f61a193329d24367efe98419af6cc5c3b04136
bench/parity_constructs/c133_testblock_twin.bp	0	724	4cf27259ef995824321af838f1f61a193329d24367efe98419af6cc5c3b04136
bench/parity_constructs/c134_testfn_inside.bp	0	724	4cf27259ef995824321af838f1f61a193329d24367efe98419af6cc5c3b04136
bench/parity_constructs/c134_testfn_inside_twin.bp	0	724	4cf27259ef995824321af838f1f61a193329d24367efe98419af6cc5c3b04136
bench/parity_constructs/c135_testblock_braces.bp	0	724	4cf27259ef995824321af838f1f61a193329d24367efe98419af6cc5c3b04136
bench/parity_constructs/c135_testblock_braces_twin.bp	0	724	4cf27259ef995824321af838f1f61a193329d24367efe98419af6cc5c3b04136
bench/parity_constructs/c13_array.bp	0	816	ffce9e18c2c31d107a24aae1e959de3c981ec8a7a3d2507a71fdc918ed469500
bench/parity_constructs/c142_clone8.bp	0	964	88b46c9d56855987062e7458533edf8d735b6abe898113f7649bfbb0e04b95e6
bench/parity_constructs/c144_contract_ok.bp	0	776	36c33e65341d79c085a6493a77078ff8db3130d464475f901c9b4e51fed60ec8
bench/parity_constructs/c145_fraction_ok.bp	0	736	7be2c86d1f40d7c1ddf804dddd3519ef5883319e753bfbdbb69c5a0d859a804e
bench/parity_constructs/c146_module_empty_nospace_ok.bp	0	724	10609727dc0017aa7e5dde2d1b56ad871015e7e880d20a798818e088789d7eb4
bench/parity_constructs/c146_module_empty_ok.bp	0	724	10609727dc0017aa7e5dde2d1b56ad871015e7e880d20a798818e088789d7eb4
bench/parity_constructs/c14_string.bp	0	740	851aada707060a84fbd73c52a917de708d92d144acddc038a7a887caaa7b385a
bench/parity_constructs/c15_bitwise.bp	0	724	ec5bb7e8518d84d2bf00919b2eb40292144a70ab8fa9d407ae9ec5e7348408e7
bench/parity_constructs/c16_compound.bp	0	788	c7ca407f0fedf2e06bd014e6445cbc14121e3d2f592a840723b6986b73abe8c7
bench/parity_constructs/c17_neg.bp	0	736	d3d70328f591d899f5c7966c4a91f3eab299926ffdff01306f4e2bc36a71eaff
bench/parity_constructs/c18_bigconst.bp	0	736	1f0d7b1da498f668362f2c1d5413d9b86530c76032d38586ae36066f6efea8a3
bench/parity_constructs/c19_multi.bp	0	896	3310f8e5e59f5501b3c9d6ab801c8d1230e36140f9456ece251738f9ee071911
bench/parity_constructs/c20_deep.bp	0	872	3270af28105fd0eb2e57be4000c602103293f5b98ab44d3617d5439f3aab14af
bench/parity_constructs/c21_param13.bp	0	956	bf89f2f80db13096ef87cb607a97d3554dbfb7f33c667ed9d9fd4b862772cfcc
bench/parity_constructs/c22_matchbind.bp	0	736	4f2f3c2e3f9643bb09d81607291cf49abdd0af3c8120d1a7af615f8ec4adef69
bench/parity_constructs/c23_spillcall.bp	0	1144	ecbb018f465b3d60976347bc4a42ea601ec4347dfc8a536bbecc730090adc213
bench/parity_constructs/c24_ifspill.bp	0	1008	445c36d0d3202587018bce3b71a3a4f446d5c1b30b05579876b925f475861f52
bench/parity_constructs/c25_matchtail.bp	0	804	6baffeb5a3f4f30f7f123917c1531e9736a3b1b97f4113ecedc31fbae0fecab4
bench/parity_constructs/c26_selfrec.bp	0	1148	4df794c46cd44d76d5d1cfa5d909e54f8b420caf4984d1ae7b5dbc949f1d75ae
bench/parity_constructs/c27_zeroarg.bp	0	812	041734648d5d2db75e72c307bdbd586d869452e93c65d64bf5db91fe2b055fdb
bench/parity_constructs/c30_unary.bp	0	820	0c585381688a3c2db3cb891d1751e53540800ba6923aaaae156e397361e9ca93
bench/parity_constructs/c31_nested_lit.bp	0	964	4cd26c9e2cf4993a3ce453f504bf4d98ea6c2b966ca31988c05be2cfb08ddb99
bench/parity_constructs/c32_asr.bp	0	832	99c3e93e0c8efd0a873e748e09839db3b6e7d7197867897a63377bc9eb8b4837
bench/parity_constructs/c33_loopalloc.bp	0	920	38a00f96a72a990b71d78dd3f8795cb4d50eb5995c32531d286b8756748b255e
bench/parity_constructs/c34_loopescape.bp	0	924	306a07323d27f01962bae05f62ecc77218f21ead498890351b395ccefaef72c2
bench/parity_constructs/c35_return.bp	0	888	a25f846034e0fbdbd19f6cd6ed2f496144bc6a015c0ed56d6d823fa351ce5e9e
bench/parity_constructs/c36_break.bp	0	976	6d7333d99747f3b530920d5626e02958303bdce7497915ffc4cd8057848f01e2
bench/parity_constructs/c38_frameheap.bp	0	22536	e9f0db50d3a88063a068c24903bcc5654c64a9cba442ea2da1aa0251af8be17b
bench/parity_constructs/c40_struct.bp	0	1152	1b95324190ac988a356fb3cf183a9a9e2014041d39478dd92058f15f4f3bc985
bench/parity_constructs/c41_clz.bp	0	864	e58f5c6aad556d1aba97dded7136e7256a141e8b640fda13443bf2301316f9b3
bench/parity_constructs/c42_crc32.bp	0	1192	5ceb60d074de4f3f367eba3ed8146a6e6a045a64c01b17a8721f7aee7e397e67
bench/parity_constructs/c43_arena_persist.bp	0	1236	b0ff8edee6f2dba19749dfdeba8df45ff2383aa9ef9d055f91919fb355ee861d
bench/parity_constructs/c44_use24.bp	0	1884	f2a2273e51f92780d400ed8e726c38e3ace249591e96684bbdd4dd3ec6fc537c
bench/parity_constructs/c45_crc32x.bp	0	1120	32925c16e857d81a46fb7c2456f8b23c68151c92fac12ed70983af4851c3af63
bench/parity_constructs/c46_andor.bp	0	1100	801471d7f136f2fdba6f41f80c6359a147c1cd3c4ad49cde07b3617ea85f360d
bench/parity_constructs/c47_usenest.bp	0	872	55719a1f9d12b354e62dc485b6ffdd8fa509f561a56f40a7ec9b15176b6183ab
bench/parity_constructs/c50_cas.bp	0	808	403e44be3d571d6084ca06e34c441b3a862c60e850c1e25b5bbc64f7ed69ac28
bench/parity_constructs/c53_param9.bp	0	952	fa1f772ff2612b174859519b103c8c1798911c8ba15b930dc44f06c1929b1818
bench/parity_constructs/c55_vswindow.bp	0	900	6b5c6a2dfe7700741b499d41279065484ea88dbd4bc1308165a4a1f41884d1eb
bench/parity_constructs/c56_nest.bp	0	944	d1c63ef3e3cee003e57a2eb3be6d81a353884ad162b3156336299d90a1157fb6
bench/parity_constructs/c57_flags.bp	0	796	edf90e7b650a79976df31e8d9d775714442ff78bb665ffbeba254c4c1b9aee3f
bench/parity_constructs/c58_callmix.bp	0	956	caaeb0d24ced485305a0a09c5bab48781dc87288add522f71cde87392db23123
bench/parity_constructs/c59_evict.bp	0	844	477435f791e77dba85b54cd72b2839b4a55a0274d60dbacf2da2ee77523a5494
bench/parity_constructs/c60_nestctor.bp	0	816	fa585aaccf511ba258e44ce8fe6e540e12416b0295be7236527beeca1121a285
bench/parity_constructs/c61_arrcall.bp	0	888	83c2e6e7e22d4a734065f5a51687e0e2ec59020091ad25bce48d64c5ed7d1119
bench/parity_constructs/c66_fncap.bp	0	11024	b1ce4f24be91af8113433ef3b446a0a15ee0d3408e790faa38838b557b1dd0ff
bench/parity_constructs/c67_deeprec.bp	0	808	5127114a0b2a21ea1cf011af7b8da2f854d6a076410439ef96fd577d8595b9b7
bench/parity_constructs/c68_strval.bp	0	1236	2df474eb54e6fab66475c7cb22a9a09c9b9b4d222c6b5a8c8ded143b416b14fd
bench/parity_constructs/c69_index_roundtrip.bp	0	1092	c5a5f898ae89c4d0e3f7d6e1fde419f01e2f5457c3b1fab9af1350085b474879
bench/parity_constructs/c70_csel.bp	0	816	55a7a9f365ad7c3d07e035a5aca4f4840eb1fc69510648448e2c4f2b60cab804
bench/parity_constructs/c70_qdsl.bp	0	14900	f256919467f8840ba9298fad460937b77e98ebfc6b4946191ec6b2ae3418e818
bench/parity_constructs/c70_qdsl_neg.bp	0	13052	1f93fef60a658ae9b348623c11e26bc9593f527bd7523afa9d5a6901a628132b
bench/parity_constructs/c71_csel_impure.bp	0	892	a8e1f274e541efd894870fb53f6306efe8d8ef0fab14164298f6e177f6889321
bench/parity_constructs/c72_hoist.bp	0	836	e8e4c598d69e64629f5832fc4ecdaed3c291591cc914d64d7a6589c67f30b877
bench/parity_constructs/c73_hoistnest.bp	0	852	3fcfd566e048bbd59f390d6aee39afcb44828999d9fcddae8ea3fb4b6739c248
bench/parity_constructs/c74_madd.bp	0	840	25bb2b256ef607b95df27bcd6ea3558b7068d7737082edf5708486f0d8726845
bench/parity_constructs/c75_andimm.bp	0	840	2b9e7aed567916531534f1390c3f91c842bc6adf80a5d45333c44a2a3a019285
bench/parity_constructs/c76_ubfx.bp	0	832	75986ab6de6e0625c86a8922b4c764375d179be1a2ce55d896ea366188b08509
bench/parity_constructs/c77_u32.bp	0	976	9a090636035c799739dc6415f03cd7835220a4f6151573c6c94fdb0291fcb1a6
bench/parity_constructs/c78_scan.bp	0	3652	c042a3542cd77aef9a3e95208de46f8ba333821267ef2469cc2e05ad957cef1b
bench/parity_constructs/c84_run.bp	0	1868	3d9e67c10a75ec7cf8cd7f3b96aef90447dc87137b5a5a0c370c9e3bdaf04ef7
bench/parity_constructs/c86_selfassign.bp	0	748	207a6564d6b29792fbcb634b7838e0156c401e42f6ccfdc081e348f0aaa4ebd4
bench/parity_constructs/c87_ifselfassign.bp	0	820	c9a0fa9f448450ab808935a74d0d8d143616202f4857e0e35c1a447958a6ed48
bench/parity_constructs/c88_arrflags.bp	0	884	39f082ac16c85a340666afbeb54e2583d8673ca0430399bb6ad533752b97e7e6
bench/parity_constructs/c89_heaptrap.bp	0	816	1dcc24d5e48b71fb988bc97b0dd3656268d128f4be292b1edab1850544e94989
bench/parity_constructs/c90_symalias.bp	0	856	c71d19c92d110f834098a8531757a89fe4cb185bba7207aa7d47cec2a1a61315
bench/parity_constructs/c91_letlive.bp	0	916	05cfbeb6c4aea32966e7fbace0c5d4404d602d4d99c13ea50714142a6ddba2e9
bench/parity_constructs/c92_ptrfree.bp	0	1128	581b02f915eb73b3724e6eed9cb1df7a1e0e84d9dbd6976e171db6294d199fed
bench/parity_constructs/c94_fsync.bp	0	1136	999e0c49f4caecc6f8a5b4687e927790bc7dc40a8c1befcaf07bd9c0f3d7680d
bench/parity_constructs/c95_symspan.bp	0	1056	bd08c1491b177754c34a04c2d49c2c579b89653af2e34c78a078e5f46757615f
bench/parity_constructs/c96_enumpay.bp	0	1156	79ac5a4c27abb4d63b9ffa5f3241b86d2f767c6012f017389df015fce801f18e
bench/parity_constructs/c97_arena_operand_miscompile.bp	0	832	ac1a112e65b93159f869954bf5e9455911f10bdc0496a4d2f5944378a07c0c04
bench/parity_constructs/c98_arena_base_operand.bp	0	800	924aa60e1b395a7a08c44a23ed50f6806640284472dd9616207acaa11538b3aa
bench/parity_constructs/c99_arena_end_operand.bp	0	800	d47c70a11a4275649370829cec20aee80b52ee0cff40efbfd82a26978e82e42d
bench/parity_constructs/c_gb_degree.bp	0	43000	ebde7045be38cfe6ee28843937237dca4548f38f1b708377dd2ba158b12a89c7
bench/parity_constructs/c_gb_kernel_accessors.bp	0	34184	05cffc29b1b128dc0701cf083ba5ce1d802247523dd59aef194f1ab3ca82ba7b
bench/parity_constructs/c_gb_vec_setbit.bp	0	42684	660c2c837da905f6bce94d50d8a1b1df13a7d7c40f51970c73846cf5fac98e2d
bench/parity_constructs/c_st_bytes.bp	0	20940	83ea1482646de087fa4b61ebed6985fcbfc91a7f365c2c1c96f61153f8723cdd
bench/parity_constructs/neg/c112_kernelsys.bp	102	0	-
bench/parity_constructs/neg/c113_shadowclz.bp	99	0	-
bench/parity_constructs/neg/c114_shadowwait4.bp	99	0	-
bench/parity_constructs/neg/c120_oobstatic.bp	65	0	-
bench/parity_constructs/neg/c140_mapb_refused.bp	108	0	-
bench/parity_constructs/neg/c141_clone9.bp	109	0	-
bench/parity_constructs/neg/c143_contract_garbage.bp	110	0	-
bench/parity_constructs/neg/c145_fraction_garbage.bp	111	0	-
bench/parity_constructs/neg/c146_module_contents_garbage.bp	112	0	-
bench/parity_constructs/neg/c28_plusplus.bp	96	0	-
bench/parity_constructs/neg/c29_emptybody.bp	97	0	-
bench/parity_constructs/neg/c37_arenafull.bp	0	812	513021595ab64ba947c2bb9a5960f807d2ceec087ac4092287743160e6b11f4d
bench/parity_constructs/neg/c39_fnmatch.bp	99	0	-
bench/parity_constructs/neg/c48_stackovf.bp	0	776	ec5d1c12b20b00354795b38f24425fae2f819aaa2d77f9a1c3b935113986c9db
bench/parity_constructs/neg/c51_casbad.bp	88	0	-
bench/parity_constructs/neg/c52_undef.bp	0	728	6bb3b17571d10edf3cba8df7592b770575e33517b551bb3e8d1a21aa691dbd5a
bench/parity_constructs/neg/c85_param15.bp	100	0	-
bench/parity_constructs/neg/c92_letlive2.bp	97	0	-
bench/parity_constructs/neg/c93_unbound.bp	101	0	-
bench/parity_constructs/neg/read_before_assign.bp	101	0	-
